source_id,sku,name,brand,category,price_bdt,regular_price_bdt,sale_price_bdt,on_sale,qty_remaining,stock_text,in_stock,product_type,permalink,scraped_at
122047,L03826,Anua –  Heartleaf Pore Control Cleansing Oil Mild – 200ml,Anua,Cleanser,2270,2840,2270,yes,0,,yes,simple,https://lavishta.com/product/anua-heartleaf-pore-control-cleansing-oil-mild-200ml/,2026-10-06T13:53:06Z
51408,L02622,Cosrx –  Advanced Snail 96 Mucin Power Essence – 100ml,Cosrx,Essence,1540,1880,1540,yes,0,,yes,simple,https://lavishta.com/product/cosrx-advanced-snail-96-mucin-power-essence-100ml/,2026-10-06T13:53:06Z
285394,L04456,KSECRET –  Extra Illuminating Eye Gel Patches Vitamin C 60 Pcs,KSecret,Eye Care,1420,1780,1420,yes,0,,yes,simple,https://lavishta.com/product/ksecret-extra-illuminating-eye-gel-patches-vitamin-c-60-pcs/,2026-10-06T13:53:06Z
285398,L04460,KSECRET –  Seoul 1988 Cleansing Foam : Pine Cica 1% + Probiotics – 150ml,KSecret,Cleanser,1290,1620,1290,yes,0,,yes,simple,https://lavishta.com/product/ksecret-seoul-1988-cleansing-foam-pine-cica-1-probiotics-150ml/,2026-10-06T13:53:06Z
285396,L04458,KSECRET –  Seoul 1988 Cream : Snail Mucin 93% + Rice – 100ml,KSecret,K-Beauty,1620,2030,1620,yes,0,,yes,simple,https://lavishta.com/product/ksecret-seoul-1988-cream-snail-mucin-93-rice-100ml/,2026-10-06T13:53:06Z
69844,L03070,3W CLINIC –  Collagen And Luxury Gold Cream – 100g,3W CLINIC,Cream,1380,1730,1380,yes,1,Only 1 left in stock,yes,simple,https://lavishta.com/product/3w-clinic-collagen-and-luxury-gold-cream-100g/,2026-10-06T13:53:06Z
69842,L03068,3W CLINIC –  Collagen Eye Cream – 40ml,3W CLINIC,Eye Care,350,440,350,yes,1,Only 1 left in stock,yes,simple,https://lavishta.com/product/3w-clinic-collagen-eye-cream-40ml/,2026-10-06T13:53:06Z
107637,L03667,3W CLINIC –  INTENSIVE DR.KIM SUN CUSHION – 15g,3W CLINIC,K-Beauty,1020,1280,1020,yes,1,Only 1 left in stock,yes,simple,https://lavishta.com/product/3w-clinic-intensive-dr-kim-sun-cushion-15g/,2026-10-06T13:53:06Z
140139,L04119,AXIS-Y –  Complete No-Stress Physical Sunscreen – 10ml,AXIS-Y,K-Beauty,420,530,420,yes,1,Only 1 left in stock,yes,simple,https://lavishta.com/product/axis-y-complete-no-stress-physical-sunscreen-10ml/,2026-10-06T13:53:06Z
414947,L04836,Absolute New york –  Amber Embrace Body Shower Gel – 400ml,Absolute New York,Body,2440,2950,2440,yes,1,Only 1 left in stock,yes,simple,https://lavishta.com/product/absolute-new-york-amber-embrace-body-shower-gel-400ml/,2026-10-06T13:53:06Z
414958,L04840,Absolute New york –  Vanilla Screnade     &     – 200ml,Absolute New York,Body,1880,2280,1880,yes,1,Only 1 left in stock,yes,simple,https://lavishta.com/product/absolute-new-york-vanilla-screnade-200ml/,2026-10-06T13:53:06Z
414965,L04843,Absolute New york –  Vanilla Screnade Whipped Body Butter – 200ml,Absolute New York,Body,1920,1980,1920,yes,1,Only 1 left in stock,yes,simple,https://lavishta.com/product/absolute-new-york-vanilla-screnade-whipped-body-butter-200ml/,2026-10-06T13:53:06Z
17018,L00009,Adagio –  Not So Mini Ceramic Flat Iron,Adagio,Hair tool,3880,13380,3880,yes,1,Only 1 left in stock,yes,simple,https://lavishta.com/product/adagio-not-so-mini-ceramic-flat-iron-2/,2026-10-06T13:53:06Z
397722,L00024,Anastasia Beverly Hills –  7b – Dual-ended Angled Brush,Anastasia Beverly Hills,Brush,1755,3270,1755,yes,1,Only 1 left in stock,yes,simple,https://lavishta.com/product/anastasia-beverly-hills-7b-dual-ended-angled-brush/,2026-10-06T13:53:06Z
86367,L03504,Anmol –  Kali Mehndi Cone,Anmol,Accessories,220,350,220,yes,1,Only 1 left in stock,yes,simple,https://lavishta.com/product/anmol-kali-mehndi-cone/,2026-10-06T13:53:06Z
359473,L04695,Anua –  Rice Enzyme Brightening Cleansing Powder – 40g,Anua,Cleanser,1900,2050,1900,yes,1,Only 1 left in stock,yes,simple,https://lavishta.com/product/anua-rice-enzyme-brightening-cleansing-powder-40g/,2026-10-06T13:53:06Z
201891,L04339,Aplb –  Aha Bha Pha Centella Ampoule Serum – 40ml,Aplb,Ampoule,860,1140,860,yes,1,Only 1 left in stock,yes,simple,https://lavishta.com/product/aplb-aha-bha-pha-centella-ampoule-serum-40ml/,2026-10-06T13:53:06Z
449991,L05014,Aplb –  Daily Solution Hair Mask – 150ml,Aplb,Hair Care,1280,1380,1280,yes,1,Only 1 left in stock,yes,simple,https://lavishta.com/product/aplb-daily-solution-hair-mask-150ml/,2026-10-06T13:53:06Z
397728,L04810,Arencia –  Holy Hyssop Serum 30 – 50ml,Arencia,K-Beauty,2120,2200,2120,yes,1,Only 1 left in stock,yes,simple,https://lavishta.com/product/arencia-holy-hyssop-serum-30-50ml/,2026-10-06T13:53:06Z
70197,L03075,Aromatica –  Rosemary Scalp Scaling Shampoo – 180ml,Aromatica,Hair Care,1490,1870,1490,yes,1,Only 1 left in stock,yes,simple,https://lavishta.com/product/aromatica-rosemary-scalp-scaling-shampoo-180ml/,2026-10-06T13:53:06Z
17199,L00142,Artist Couture –  Caliente Palette,Artist Couture,Eyes,1050,5690,1050,yes,1,Only 1 left in stock,yes,simple,https://lavishta.com/product/artist-couture-caliente-palette-2/,2026-10-06T13:53:06Z
305847,L04588,Aveeno –  Kids Sensitive Skin Face & Body Gel Cream – 227G,Aveeno,Body,2640,3300,2640,yes,1,Only 1 left in stock,yes,simple,https://lavishta.com/product/aveeno-kids-sensitive-skin-face-body-gel-cream-227g/,2026-10-06T13:53:06Z
464056,L05102,BH Cosmetics –  Rounded Shader Brush,Bh Cosmetics,Brush,980,1180,980,yes,1,Only 1 left in stock,yes,simple,https://lavishta.com/product/bh-cosmetics-rounded-shader-brush/,2026-10-06T13:53:06Z
78415,L03347,Bath & Body –  Fine Fragrance Mist – Dahlia 236ml,Bath & Body,Accessories,2180,2550,2180,yes,1,Only 1 left in stock,yes,simple,https://lavishta.com/product/bath-body-fine-fragrance-mist-dahlia-236ml/,2026-10-06T13:53:06Z
64525,L03006,Bath & Body –  Fine Fragrance Mist – Gingham Fresh 236ml,Bath & Body,Accessories,2180,2550,2180,yes,1,Only 1 left in stock,yes,simple,https://lavishta.com/product/bath-body-fine-fragrance-mist-gingham-fresh-236ml/,2026-10-06T13:53:06Z
235987,L04359,Bath & Body –  Fine Fragrance Mist – Lavender Luxe 236ml,Bath & Body,Accessories,2180,2550,2180,yes,1,Only 1 left in stock,yes,simple,https://lavishta.com/product/bath-body-fine-fragrance-mist-lavender-luxe-236ml/,2026-10-06T13:53:06Z
176167,L04202,Bath & Body –  Fine Fragrance Mist – Winter Candy Apple 236ml,Bath & Body,Accessories,2180,2550,2180,yes,1,Only 1 left in stock,yes,simple,https://lavishta.com/product/bath-body-fine-fragrance-mist-winter-candy-apple-236ml/,2026-10-06T13:53:06Z
201907,L04324,Beauty of Joseon –  Apricot Blossom Peeling Gel – 100ml,Beauty Of Joseon,Face Care,1420,1780,1420,yes,1,Only 1 left in stock,yes,simple,https://lavishta.com/product/beauty-of-joseon-apricot-blossom-peeling-gel-100ml/,2026-10-06T13:53:06Z
89264,L03549,Beauty of Joseon –  Radiance Cleansing Balm – 100ml,Beauty Of Joseon,Cleanser,1790,1900,1900,no,1,Only 1 left in stock,yes,variable,https://lavishta.com/product/beauty-of-joseon-radiance-cleansing-balm/,2026-10-06T13:53:06Z
17294,L00152,Beautyblender –  Besties Bio Pure Blend & Cleanse 4-Piece Starter Set – Green,Beautyblender,Sponges & Applicators,2650,4090,2650,yes,1,Only 1 left in stock,yes,simple,https://lavishta.com/product/beautyblender-besties-bio-pure-blend-cleanse-4-piece-starter-set-green-2/,2026-10-06T13:53:06Z
17301,L00172,Benefit Cosmetics –  Benetint – 10ml,Benefit Cosmetics,Lip Tints & Balms,6780,7030,6780,yes,1,Only 1 left in stock,yes,simple,https://lavishta.com/product/benefit-cosmetics-benetint-10ml-2/,2026-10-06T13:53:06Z
359632,L04749,Benefit Cosmetics –  Rollin With Benetint 3-piece Lip & Cheek Gift Set,Benefit Cosmetics,Lip Tints & Balms,6880,7250,6880,yes,1,Only 1 left in stock,yes,simple,https://lavishta.com/product/benefit-cosmetics-rollin-with-benetint-3-piece-lip-cheek-gift-set/,2026-10-06T13:53:06Z
85496,L03475,Benefit Cosmetics –  They’re Real! Magnet Extreme Lengthening Mascara Without Pack – 9gm,Benefit Cosmetics,Eyes,2550,4240,2550,yes,1,Only 1 left in stock,yes,simple,https://lavishta.com/product/benefit-cosmetics-theyre-real-magnet-extreme-lengthening-mascara-without-pack-9gm/,2026-10-06T13:53:06Z
464060,L05103,Bh Cosmetics –  Angled Brow,Bh Cosmetics,Brush,880,1080,880,yes,1,Only 1 left in stock,yes,simple,https://lavishta.com/product/bh-cosmetics-angled-brow/,2026-10-06T13:53:06Z
305859,L04555,Bioderma –  ABCDerm Hydratant – 200ml,Bioderma,Cleanser,2770,3470,2770,yes,1,Only 1 left in stock,yes,simple,https://lavishta.com/product/bioderma-abcderm-hydratant-200ml/,2026-10-06T13:53:06Z
62786,L02951,Bioderma –  Photoderm Aquafluide SPF50+ – Golden,Bioderma,Skin Care,2370,2970,2370,yes,1,Only 1 left in stock,yes,simple,https://lavishta.com/product/bioderma-photoderm-aquafluide-spf50-40ml/,2026-10-06T13:53:06Z
456084,L05079,Care Nel –  Cicavita B5 Tranexamic Acid Toner – 155ml,Care Nel,Face Care,1580,1680,1580,yes,1,Only 1 left in stock,yes,simple,https://lavishta.com/product/care-nel-cicavita-b5-tranexamic-acid-toner-155ml/,2026-10-06T13:53:06Z
457622,L05090,Care Nel –  Hyaluvita B5 Sun Repair Essence – 50ml,Care Nel,Skin Care,1280,1340,1280,yes,1,Only 1 left in stock,yes,simple,https://lavishta.com/product/care-nel-hyaluvita-b5-sun-repair-essence-50ml/,2026-10-06T13:53:06Z
343795,L04633,Carolina Herrera –  Good Girl Collection Mini Perfume Trio Gift Set,Carolina Herrera,Accessories,10510,11600,10510,yes,1,Only 1 left in stock,yes,simple,https://lavishta.com/product/carolina-herrera-good-girl-collection-mini-perfume-trio-gift-set/,2026-10-06T13:53:06Z
17501,L00356,Catherine Malandrino –  Silicone Facial Cleansing Massager,Catherine Malandrino,Face Tool,2150,9310,2150,yes,1,Only 1 left in stock,yes,simple,https://lavishta.com/product/catherine-malandrino-silicone-facial-cleansing-massager/,2026-10-06T13:53:06Z
457598,L05083,CeraVe –  Hydrating Cleanser For Normal To Dry Skin ( Usa Version ) – 473ml,Cerave,Cleanser,3980,4440,3980,yes,1,Only 1 left in stock,yes,simple,https://lavishta.com/product/cerave-hydrating-cleanser-for-normal-to-dry-skin-usa-version-473ml/,2026-10-06T13:53:06Z
435188,L04965,CeraVe –  Invisible Hydrating Sunscreen SPF50+ – 177ml,Cerave,Skin Care,3480,3800,3480,yes,1,Only 1 left in stock,yes,simple,https://lavishta.com/product/cerave-invisible-hydrating-sunscreen-spf50-177ml/,2026-10-06T13:53:06Z
74508,L03246,CeraVe –  SA Smoothing Cleanser – 236ml,Cerave,Cleanser,2550,3190,2550,yes,1,Only 1 left in stock,yes,simple,https://lavishta.com/product/cerave-sa-smoothing-cleanser-236ml/,2026-10-06T13:53:06Z
60300,L02846,Cerave –  Skin Renewing Day Cream Broad Spectrum SPF30 – 50g,Cerave,Cream,2950,3690,2950,yes,1,Only 1 left in stock,yes,simple,https://lavishta.com/product/cerave-skin-renewing-day-cream-broad-spectrum-spf30-50g/,2026-10-06T13:53:06Z
122059,L03825,Cetaphil –  Gentle Skin Cleanser For Normal Sensitive Skin – 591ml,Cetaphil,Cleanser,3920,4900,3920,yes,1,Only 1 left in stock,yes,simple,https://lavishta.com/product/cetaphil-gentle-skin-cleanser-for-normal-sensitive-skin-591ml/,2026-10-06T13:53:06Z
305898,L04575,"Cetaphil –  Gentle Skin Cleanser for Normal To Dry Skin with Hydrating Glycerin, Vitamins B3 & B5 – 237ml",Cetaphil,Cleanser,2250,2820,2250,yes,1,Only 1 left in stock,yes,simple,https://lavishta.com/product/cetaphil-gentle-skin-cleanser-for-normal-to-dry-skin-with-hydrating-glycerin-vitamins-b3-b5-237ml/,2026-10-06T13:53:06Z
359552,L04727,Charlotte Tilbury –  Glow & Blush Beauty Wand Kit – Pillow Talk Medium,Charlotte Tilbury,Face,9360,14280,9360,yes,1,Only 1 left in stock,yes,simple,https://lavishta.com/product/charlotte-tilbury-glow-blush-beauty-wand-kit-pillow-talk-medium/,2026-10-06T13:53:06Z
457618,L05088,Charlotte Tilbury –  Magic Body Cream – Joyphoria,Charlotte Tilbury,Body,3880,4280,3880,yes,1,Only 1 left in stock,yes,simple,https://lavishta.com/product/charlotte-tilbury-magic-body-cream-joyphoria/,2026-10-06T13:53:06Z
457620,L05089,Charlotte Tilbury –  The Secret To Love Kit,Charlotte Tilbury,Lips,7280,7880,7280,yes,1,Only 1 left in stock,yes,simple,https://lavishta.com/product/charlotte-tilbury-the-secret-to-love-kit/,2026-10-06T13:53:06Z
429483,L04941,Color wow –  Extra Strength Dream Coat – 200ml,Color Wow,Hair,5840,5900,5840,yes,1,Only 1 left in stock,yes,simple,https://lavishta.com/product/color-wow-extra-strength-dream-coat-200ml/,2026-10-06T13:53:06Z
133618,L03923,Colourpop –  Liquid Blush,Colourpop,Blush,1620,1900,1620,yes,1,Only 1 left in stock,yes,variable,https://lavishta.com/product/colourpop-liquid-blush/,2026-10-06T13:53:06Z
38988,L00432,Colourpop –  Lux Gloss,Colourpop,Lip Gloss,1250,1890,1250,yes,1,Only 1 left in stock,yes,variable,https://lavishta.com/product/colourpop-lux-gloss/,2026-10-06T13:53:06Z
71743,L03208,Complex Culture –  Titanium Curling Wand 25mm,Complex Culture,Hair tool,7340,14560,7340,yes,1,Only 1 left in stock,yes,simple,https://lavishta.com/product/complex-culture-titanium-curling-wand-25mm/,2026-10-06T13:53:06Z
397872,L04823,Cosrx –  Full Fit Propolis Light Cream – 65ml,Cosrx,K-Beauty,2100,2180,2100,yes,1,Only 1 left in stock,yes,simple,https://lavishta.com/product/cosrx-full-fit-propolis-light-cream-65ml/,2026-10-06T13:53:06Z
93882,L03588,Cosrx –  Hyaluronic Acid Hydra Power Essence – 100ml,Cosrx,Essence,1560,1950,1560,yes,1,Only 1 left in stock,yes,simple,https://lavishta.com/product/cosrx-hyaluronic-acid-hydra-power-essence-100ml/,2026-10-06T13:53:06Z
281845,L04388,Dr Althea –  Gentle Vitamin C Serum – 30ml,Dr.Althea,Face Serum,1920,2340,1920,yes,1,Only 1 left in stock,yes,simple,https://lavishta.com/product/dr-althea-gentle-vitamin-c-serum-30ml/,2026-10-06T13:53:06Z
51411,L02625,Embryolisse –  Cicalisse Cream – 40ml,Embryolisse,Moisturizer,1830,2280,1830,yes,1,Only 1 left in stock,yes,simple,https://lavishta.com/product/embryolisse-cicalisse-cream-40ml/,2026-10-06T13:53:06Z
69187,L02399,Essence –  Double Trouble Mascara,Essence,Eyes,660,1260,660,yes,1,Only 1 left in stock,yes,variable,https://lavishta.com/product/essence-double-trouble-mascara/,2026-10-06T13:53:06Z
122075,L03792,Fanola –  No Orange Extra Care Hair Mask – 350ml,Fanola Wonder,Hair,2150,3600,2150,yes,1,Only 1 left in stock,yes,simple,https://lavishta.com/product/fanola-wonder-no-orange-extra-care-hair-mask-350ml/,2026-10-06T13:53:06Z
414929,L04879,Fenty Beauty –  Gloss Bomb Stix High-Shine Gloss Stick,Fenty Beauty,Lip Gloss,4240,4500,4240,yes,1,Only 1 left in stock,yes,variable,https://lavishta.com/product/fenty-beauty-gloss-bomb-stix-high-shine-gloss-stick/,2026-10-06T13:53:06Z
367471,L04769,Folly Fire –  Creamy Matte Manipulation Matte Lipstick – Here To Slay,Folly Fire,Lips,1000,1130,1000,yes,1,Only 1 left in stock,yes,simple,https://lavishta.com/product/folly-fire-creamy-matte-manipulation-matte-lipstick-here-to-slay/,2026-10-06T13:53:06Z
103262,L03622,Gillette Venus –  Simply Venus 2 Basic women’s Razors Blade 4 Count,Gillette Venus,Tool,420,650,420,yes,1,Only 1 left in stock,yes,simple,https://lavishta.com/product/gillette-venus-simply-venus-2-basic-womens-razors-blade-4-count/,2026-10-06T13:53:06Z
451851,L05050,"Gillette Venus –  Smooth Miami Disposable Razor, 3 pcs",Gillette Venus,Hair Remover Tool,1080,1240,1080,yes,1,Only 1 left in stock,yes,simple,https://lavishta.com/product/gillette-venus-smooth-miami-disposable-razor-3-pcs/,2026-10-06T13:53:06Z
377222,L04795,Gisou –  Glossy & Glazed,Gisou,Body,7780,9200,7780,yes,1,Only 1 left in stock,yes,simple,https://lavishta.com/product/gisou-glossy-glazed/,2026-10-06T13:53:06Z
62808,L02966,Goodal –  Green Tangerine Vitamin C Cream – 50ml,Goodal,Cream,2230,2790,2230,yes,1,Only 1 left in stock,yes,simple,https://lavishta.com/product/goodal-green-tangerine-vitamin-c-cream-50ml/,2026-10-06T13:53:06Z
415085,L04883,Gucci Guilty –  Pour Homme Men’s Edt 50ML + Edp 15ML Travel Set,Gucci Guilty,Accessories,16500,18500,16500,yes,1,Only 1 left in stock,yes,simple,https://lavishta.com/product/gucci-guilty-pour-homme-mens-edt-50ml-edp-15ml-travel-set/,2026-10-06T13:53:06Z
305924,L04523,Heimish –  All Clean White Clay Foam – 150g,Heimish,Cleanser,1190,1490,1190,yes,1,Only 1 left in stock,yes,simple,https://lavishta.com/product/heimish-all-clean-white-clay-foam-150g/,2026-10-06T13:53:06Z
397898,L03456,Huda Beauty –  Easy Bake and Snatch Pressed Brightening and Setting Powder – Cupcake,Huda Beauty,Face,6450,7110,6450,yes,1,Only 1 left in stock,yes,simple,https://lavishta.com/product/huda-beauty-easy-bake-and-snatch-pressed-brightening-and-setting-powder-cupcake/,2026-10-06T13:53:06Z
359608,L04746,Huda Beauty –  Easy Blur Silicone-Free Smoothing & Pore-Minimizing Primer,Huda Beauty,Face,5280,5340,5280,yes,1,Only 1 left in stock,yes,simple,https://lavishta.com/product/huda-beauty-easy-blur-silicone-free-smoothing-pore-minimizing-primer/,2026-10-06T13:53:06Z
451148,L05024,Huda Beauty –  Icy Nude Eyeshadow Palette,Huda Beauty,Eyes,14500,16800,14500,yes,1,Only 1 left in stock,yes,simple,https://lavishta.com/product/huda-beauty-icy-nude-eyeshadow-palette/,2026-10-06T13:53:06Z
129769,L03875,Huda Beauty –  Pretty Grunge Blush Gloss Limited Edition – 4g,Huda Beauty,Face,6800,7160,6800,yes,1,Only 1 left in stock,yes,simple,https://lavishta.com/product/huda-beauty-pretty-grunge-blush-gloss-limited-edition-4g/,2026-10-06T13:53:06Z
359583,L04737,Huda Beauty –  Rose Quartz Eyeshadow Palette,Huda Beauty,Eyes,11480,13050,11480,yes,1,Only 1 left in stock,yes,simple,https://lavishta.com/product/huda-beauty-rose-quartz-eyeshadow-palette/,2026-10-06T13:53:06Z
39064,L01027,Huda Beauty –  Tantour Contour & Bronzer Cream – Rich,Huda Beauty,Contour,3750,5630,5630,no,1,Only 1 left in stock,yes,variable,https://lavishta.com/product/huda-beauty-tantour-contour-bronzer-cream/,2026-10-06T13:53:06Z
305930,L04526,Iunik –  Centella Bubble Cleansing Foam – 150ml,Iunik,Cleanser,1730,2170,1730,yes,1,Only 1 left in stock,yes,simple,https://lavishta.com/product/iunik-centella-bubble-cleansing-foam-150ml/,2026-10-06T13:53:06Z
305932,L04525,Iunik –  Tea Tree Relief Toner – 200ml,Iunik,Face Toner,1830,2290,1830,yes,1,Only 1 left in stock,yes,simple,https://lavishta.com/product/iunik-tea-tree-relief-toner-200ml/,2026-10-06T13:53:06Z
18904,L01057,Jaclyn –  Bronze & Blushing Duo – Warm Flush / Golden Goddess,Jaclyn,Bronzer,5680,7050,5680,yes,1,Only 1 left in stock,yes,simple,https://lavishta.com/product/jaclyn-bronze-blushing-duo-warm-flush-golden-goddess/,2026-10-06T13:53:06Z
397935,L01060,Jeffree Star –  Androgyny,Jeffree Star,Eyes,4800,7430,4800,yes,1,Only 1 left in stock,yes,simple,https://lavishta.com/product/jeffree-star-androgyny/,2026-10-06T13:53:06Z
47996,L02585,Jeffree Star –  Extreme Frost,Jeffree Star,Face,5400,9580,5400,yes,1,Only 1 left in stock,yes,variable,https://lavishta.com/product/jeffree-star-extreme-frost/,2026-10-06T13:53:06Z
133049,L03997,Juvias Place –  Heroine Glow II Highlighter,Juvias Place,Face,1750,2850,1750,yes,1,Only 1 left in stock,yes,simple,https://lavishta.com/product/juvias-place-heroine-glow-ii-highlighter/,2026-10-06T13:53:06Z
19036,L01102,Juvias Place –  The Afrique,Juvias Place,Eyes,2060,3980,2060,yes,1,Only 1 left in stock,yes,simple,https://lavishta.com/product/juvias-place-the-afrique/,2026-10-06T13:53:06Z
397969,L02907,Juvias Place –  Tribe,Juvias Place,Eyes,2550,3460,2550,yes,1,Only 1 left in stock,yes,simple,https://lavishta.com/product/juvias-place-tribe/,2026-10-06T13:53:06Z
285395,L04457,KSECRET –  Seoul 1988 Essence : Snail Mucin 97% + Rice – 100ml,KSecret,Essence,1710,2140,1710,yes,1,Only 1 left in stock,yes,simple,https://lavishta.com/product/ksecret-seoul-1988-essence-snail-mucin-97-rice-100ml/,2026-10-06T13:53:06Z
285391,L04453,KSECRET –  Seoul 1988 Glow Serum : Niacinamide 15% + Yuja – 30ml,KSecret,Face Serum,1490,1870,1490,yes,1,Only 1 left in stock,yes,simple,https://lavishta.com/product/ksecret-seoul-1988-glow-serum-niacinamide-15-yuja-30ml/,2026-10-06T13:53:06Z
39086,L01141,Kat Von D –  Lock-it Powder Foundation,Kat Von D,Face,2950,6890,2950,yes,1,Only 1 left in stock,yes,variable,https://lavishta.com/product/kat-von-d-lock-it-powder-foundation/,2026-10-06T13:53:06Z
429497,L04948,Kayali –  Vacay in a Bottle Miniature Set (4 x 10ml),Kayali,Accessories,19110,21090,19110,yes,1,Only 1 left in stock,yes,simple,https://lavishta.com/product/kayali-vacay-in-a-bottle-miniature-set-4-x-10ml/,2026-10-06T13:53:06Z
429350,L04958,Kiko Milano –  3D Hydra Lip Gloss,Kiko Milano,Lip Gloss,2440,2620,2440,yes,1,Only 1 left in stock,yes,variable,https://lavishta.com/product/kiko-milano-3d-hydra-lip-gloss/,2026-10-06T13:53:06Z
201858,L04325,L.a Girl –  Fanatic Blush Palette,L.a Girl,Blush,1490,2500,1490,yes,1,Only 1 left in stock,yes,variable,https://lavishta.com/product/l-a-girl-fanatic-blush-palette/,2026-10-06T13:53:06Z
359465,L04692,L’Oreal Paris –  Revitalift Laser Triple Action Age – Correcting Spf25 Cream – 50ml,Loreal Paris,Moisturizer,2950,3850,2950,yes,1,Only 1 left in stock,yes,simple,https://lavishta.com/product/loreal-paris-revitalift-laser-triple-action-age-correcting-spf25-cream-50ml/,2026-10-06T13:53:06Z
89204,L03541,Mac –  Fix+ Stay Over Alcohol-free 16hr Setting Spray – 100ml,Mac,Face,4700,7220,4700,yes,1,Only 1 left in stock,yes,simple,https://lavishta.com/product/mac-fix-stay-over-alcohol-free-16hr-setting-spray-100ml/,2026-10-06T13:53:06Z
134667,L04049,Mac –  Locked Kiss Ink 24hr Lipcolour – Ruby True,Mac,Lips,4050,6390,4050,yes,1,Only 1 left in stock,yes,simple,https://lavishta.com/product/mac-locked-kiss-ink-24hr-lipcolour-ruby-true/,2026-10-06T13:53:06Z
39117,L01249,Mac –  Love Me Lipstick,Mac,Lips,2340,4550,2340,yes,1,Only 1 left in stock,yes,variable,https://lavishta.com/product/mac-love-me-lipstick/,2026-10-06T13:53:06Z
39120,L01251,Mac –  M·a·c Lash,Mac,Eyes,1350,2930,1350,yes,1,Only 1 left in stock,yes,variable,https://lavishta.com/product/mac-m%c2%b7a%c2%b7c-lash/,2026-10-06T13:53:06Z
367370,L01254,Mac –  Patent Paint Lacquer – Eternal Sunshine,Mac,Lips,2750,4040,2750,yes,1,Only 1 left in stock,yes,simple,https://lavishta.com/product/mac-patent-paint-lacquer-eternal-sunshine/,2026-10-06T13:53:06Z
397986,L02959,Mac –  Pro Longwear Nourishing Foundation – Nc25,Mac,Face,4250,5820,4250,yes,1,Only 1 left in stock,yes,simple,https://lavishta.com/product/mac-pro-longwear-nourishing-foundation-nc25/,2026-10-06T13:53:06Z
464048,L01975,Makeup Revolution –  Pro Eyeshadow Brush – E101,Makeup Revolution,Brush,300,930,300,yes,1,Only 1 left in stock,yes,simple,https://lavishta.com/product/makeup-revolution-pro-eyeshadow-brush-e101/,2026-10-06T13:53:06Z
107803,L03717,Mary & May –  Vegan Peptide Bakuchiol Sun Stick – 18g,Mary & May,K-Beauty,1620,2030,1620,yes,1,Only 1 left in stock,yes,simple,https://lavishta.com/product/mary-may-vegan-peptide-bakuchiol-sun-stick-18g/,2026-10-06T13:53:06Z
467471,L05124,Medicube – Fresh That Lasts Deodorant with Vanilla & Pistachio  – 83g,Medicube,Body,2280,2380,2280,yes,1,Only 1 left in stock,yes,simple,https://lavishta.com/product/medicube-fresh-that-lasts-deodorant-with-vanilla-pistachio-83g/,2026-10-06T13:53:06Z
464026,L01699,Morphe X Jaclyn Hill –  All The Basics Brush Set,Morphe X Jaclyn Hill,Brush Sets,3380,4030,3380,yes,1,Only 1 left in stock,yes,simple,https://lavishta.com/product/morphe-x-jaclyn-hill-all-the-basics-brush-set/,2026-10-06T13:53:06Z
20225,L01708,Morphe X Jaclyn Hill –  Jh14 Best Light Brush,Morphe X Jaclyn Hill,Brush,2680,3320,2680,yes,1,Only 1 left in stock,yes,simple,https://lavishta.com/product/morphe-x-jaclyn-hill-jh14-best-light-brush/,2026-10-06T13:53:06Z
78469,L03361,Morphe –  8f Fair Play Complexion Pro Face Palette,Morphe,Face,4130,5240,4130,yes,1,Only 1 left in stock,yes,simple,https://lavishta.com/product/morphe-8f-fair-play-complexion-pro-face-palette/,2026-10-06T13:53:06Z
464058,L01657,Morphe –  Pencil Crease Eyeshadow Brush – r41,Morphe,Brush,780,1460,780,yes,1,Only 1 left in stock,yes,simple,https://lavishta.com/product/morphe-pencil-crease-eyeshadow-brush-r41/,2026-10-06T13:53:06Z
464054,L01686,Morphe –  R38 – Round Blender Brush,Morphe,Brush,880,1630,880,yes,1,Only 1 left in stock,yes,simple,https://lavishta.com/product/morphe-r38-round-blender-brush/,2026-10-06T13:53:06Z
74909,L03275,Morphe –  Supreme Brow 5-Piece Artist’s Brow Kit,Morphe,Brow,2880,4760,2880,yes,1,Only 1 left in stock,yes,variable,https://lavishta.com/product/morphe-supreme-brow-5-piece-artists-brow-kit/,2026-10-06T13:53:06Z
71604,L03159,Neutrogena –  Hydro Boost Water Gel – 50ml,Neutrogena,Moisturizer,1650,2070,1650,yes,1,Only 1 left in stock,yes,simple,https://lavishta.com/product/neutrogena-hydro-boost-water-gel-50ml/,2026-10-06T13:53:06Z
305972,L04563,Neutrogena –  Rapid Wrinkle Repair Retinol Serum – 29ml,Neutrogena,Face Serum,3040,3820,3040,yes,1,Only 1 left in stock,yes,simple,https://lavishta.com/product/neutrogena-rapid-wrinkle-repair-retinol-serum-29ml/,2026-10-06T13:53:06Z
129851,L03902,Numbuzin –  No.6 Deep Sleep Mask Serum – 50ml,Numbuzin,Face Serum,2230,2790,2230,yes,1,Only 1 left in stock,yes,simple,https://lavishta.com/product/numbuzin-no-6-deep-sleep-mask-serum-50ml/,2026-10-06T13:53:06Z
449954,L05003,Ofra –  Mini Mix Face Palette – Charm Your Cheeks,Ofra,Face,2950,3250,2950,yes,1,Only 1 left in stock,yes,simple,https://lavishta.com/product/ofra-mini-mix-face-palette-charm-your-cheeks/,2026-10-06T13:53:06Z
449960,L05004,"Olaplex –  Hair Repair Trial Kit (No.3, 4, 5) – (30ml X 20ml X 20ml)",Olaplex,Hair,2050,2550,2050,yes,1,Only 1 left in stock,yes,simple,https://lavishta.com/product/olaplex-hair-repair-trial-kit-no-3-4-5-30ml-x-20ml-x-20ml/,2026-10-06T13:53:06Z
24510,L02476,Opv Beauty –  Spotlight Palette,Opv Beauty,Eyes,5360,7680,5360,yes,1,Only 1 left in stock,yes,simple,https://lavishta.com/product/opv-beauty-spotlight-palette/,2026-10-06T13:53:06Z
282312,L04422,Ordinary –  GF 15% Solution – 30ml,Ordinary,Face Serum,3000,3010,3000,yes,1,Only 1 left in stock,yes,simple,https://lavishta.com/product/ordinary-gf-15-solution-30ml/,2026-10-06T13:53:06Z
367327,L04761,P Louise –  Bad Bitch Energy Lip Duo,P Louise,Lips,4000,5530,4000,yes,1,Only 1 left in stock,yes,variable,https://lavishta.com/product/p-louise-bad-bitch-energy-lip-duo/,2026-10-06T13:53:06Z
93922,L03606,Paula’s Choice –  1% Retinol Treatment – 30ml,Paula's Choice,Skin Care,6800,10000,6800,yes,1,Only 1 left in stock,yes,simple,https://lavishta.com/product/paulas-choice-1-retinol-treatment-30ml/,2026-10-06T13:53:06Z
437659,L04993,Paula’s Choice –  6% Mandelic Acid + 2% Lactic Acid Liquid Exfoliant – 30ml,Paula's Choice,Skin Care,2880,2970,2880,yes,1,Only 1 left in stock,yes,simple,https://lavishta.com/product/paulas-choice-6-mandelic-acid-2-lactic-acid-liquid-exfoliant-30ml/,2026-10-06T13:53:06Z
420185,L04917,Rare Beauty –  Mini Rare Eau De Parfum Beauty Set With Vanilla And Caramel,Rare Beauty,Accessories,6550,8940,6550,yes,1,Only 1 left in stock,yes,simple,https://lavishta.com/product/rare-beauty-mini-rare-eau-de-parfum-beauty-set-with-vanilla-and-caramel/,2026-10-06T13:53:06Z
39206,L01950,Rare Beauty –  Positive Light Liquid Luminizer Highlight,Rare Beauty,Face,4030,4670,4030,yes,1,Only 1 left in stock,yes,variable,https://lavishta.com/product/rare-beauty-liquid-luminizer/,2026-10-06T13:53:06Z
451146,L05033,Rare Beauty –  Rare Eau de Parfum – 50ml,Rare Beauty,Accessories,13500,15550,13500,yes,1,Only 1 left in stock,yes,simple,https://lavishta.com/product/rare-beauty-rare-eau-de-parfum-50ml/,2026-10-06T13:53:06Z
20635,L01964,Real Technique –  Artist Essentials,Real Technique,Brush Sets,2280,3890,2280,yes,1,Only 1 left in stock,yes,simple,https://lavishta.com/product/real-technique-artist-essentials/,2026-10-06T13:53:06Z
176251,L04249,Real Technique –  Eye Love Drama Makeup Brush Set,Real Technique,Brush Sets,2270,2400,2270,yes,1,Only 1 left in stock,yes,simple,https://lavishta.com/product/real-technique-eye-love-drama-makeup-brush-set/,2026-10-06T13:53:06Z
66813,L03022,Real Technique –  Glow Radiance Complexion Set,Real Technique,Brush Sets,2080,2450,2080,yes,1,Only 1 left in stock,yes,simple,https://lavishta.com/product/real-technique-glow-radiance-complexion-set/,2026-10-06T13:53:06Z
71745,L03210,RealHer –  Ultimate Glow Getter Cheek Trio,Realher,Face,1980,5270,1980,yes,1,Only 1 left in stock,yes,simple,https://lavishta.com/product/realher-ultimate-glow-getter-cheek-trio/,2026-10-06T13:53:06Z
134650,L04045,Revlon –  Double Straight Copper Ceramic Dual Plate Straightener – RVST2204UK,Revlon,Flash Sale,5570,7000,5570,yes,1,Only 1 left in stock,yes,simple,https://lavishta.com/product/revlon-double-straight-copper-ceramic-dual-plate-straightener-rvst2204uk/,2026-10-06T13:53:06Z
133233,L03955,SKIN1004 –  Tone brightening Capsule Cream – 75ml,SKIN1004,K-Beauty,1880,2350,1880,yes,1,Only 1 left in stock,yes,simple,https://lavishta.com/product/skin1004-tone-brightening-capsule-cream-75ml/,2026-10-06T13:53:06Z
76920,L03279,SOME BY MI –  Aha Bha Pha 30 days Miracle Toner,Some by Mi,Face Toner,650,840,650,yes,1,Only 1 left in stock,yes,variable,https://lavishta.com/product/some-by-mi-aha-bha-pha-30-days-miracle-toner/,2026-10-06T13:53:06Z
133626,L03978,Sheglam –  Brows On Demand 2-in-1 Brow Pencil,Sheglam,Brow,750,830,750,yes,1,Only 1 left in stock,yes,variable,https://lavishta.com/product/sheglam-brows-on-demand-2-in-1-brow-pencil/,2026-10-06T13:53:06Z
76377,L03305,Sheglam –  Color Crush Liquid Eyeliner,Sheglam,Eyeliner,770,880,770,yes,1,Only 1 left in stock,yes,variable,https://lavishta.com/product/sheglam-color-crush-liquid-eyeliner/,2026-10-06T13:53:06Z
183129,L04293,Sheglam –  Gleam Chaser Eyeshadow Topper,Sheglam,Eyes,680,840,680,yes,1,Only 1 left in stock,yes,variable,https://lavishta.com/product/sheglam-gleam-chaser-eyeshadow-topper/,2026-10-06T13:53:06Z
86340,L03496,Sheglam –  Matte Fresh Setting Spray – 55ml,Sheglam,Face,1350,1560,1350,yes,1,Only 1 left in stock,yes,simple,https://lavishta.com/product/sheglam-matte-fresh-setting-spray-55ml/,2026-10-06T13:53:06Z
89292,L03558,Simple –  Kind To Vital Vitamin night Cream – 50ml,Simple,Cream,650,820,650,yes,1,Only 1 left in stock,yes,simple,https://lavishta.com/product/simple-kind-to-vital-vitamin-night-cream-50ml/,2026-10-06T13:53:06Z
66949,L02977,Simple –  Kind to skin micellar cleansing water -200ml – 200ml,Simple,Cleanser,750,930,750,yes,1,Only 1 left in stock,yes,simple,https://lavishta.com/product/simple-kind-to-skin-micellar-cleansing-water-200ml-200ml/,2026-10-06T13:53:06Z
285502,L04495,SimplyO –  Refreshing Scalp Shampoo Green Breeze – 100ml,SimplyO,Hair Care,610,770,610,yes,1,Only 1 left in stock,yes,simple,https://lavishta.com/product/simplyo-refreshing-scalp-shampoo-green-breeze-100ml/,2026-10-06T13:53:06Z
107622,L03663,Sol De Janeiro –  Brazilian Bum Bum Cream – 75ml,Sol De Janeiro,Cream,4680,5200,4680,yes,1,Only 1 left in stock,yes,simple,https://lavishta.com/product/sol-de-janeiro-brazilian-bum-bum-cream-75ml/,2026-10-06T13:53:06Z
151802,L04165-Cheirosa &#8217;40,Sol De Janeiro –  Hair & Body Fragrance Mist 240ml,Sol De Janeiro,Body Mist,7540,7540,6850,no,1,Only 1 left in stock,yes,simple,https://lavishta.com/product/sol-de-janeiro-hair-body-fragrance-mist-240ml-2/,2026-10-06T13:53:06Z
456046,L04165,Sol De Janeiro –  Hair & Body Fragrance Mist 240ml – Cheirosa ’40,Sol De Janeiro,Body Mist,6850,0,0,no,1,Only 1 left in stock,yes,variable,https://lavishta.com/product/sol-de-janeiro-hair-body-fragrance-mist-240ml/,2026-10-06T13:53:06Z
435201,L04971,TIGI –  Bed Head by TIGI Hair Wax Stick Strong Hold – 73g,TIGI,Hair,2880,3250,2880,yes,1,Only 1 left in stock,yes,simple,https://lavishta.com/product/tigi-bed-head-for-men-by-tigi-wax-stick-for-strong-hold-73g/,2026-10-06T13:53:06Z
398078,L02080,Tarte –  Amazonian Clay 12-hour Blush,Tarte,Blush,2880,4540,2880,yes,1,Only 1 left in stock,yes,variable,https://lavishta.com/product/tarte-amazonian-clay-12-hour-blush-blushing-bride/,2026-10-06T13:53:06Z
429419,L04929,Tarte –  Shape Tape Glow Bar Full Size – 4.5g,Tarte,Face,6480,6780,6480,yes,1,Only 1 left in stock,yes,simple,https://lavishta.com/product/tarte-shape-tape-glow-bar-full-size-4-5g/,2026-10-06T13:53:06Z
398082,L03762,The Balm –  Meet Matte Hughes Set – Miss Nude York,The Balm,Lip Stain,3150,3500,3150,yes,1,Only 1 left in stock,yes,simple,https://lavishta.com/product/the-balm-meet-matte-hughes-set-miss-nude-york/,2026-10-06T13:53:06Z
55281,L02725,The Inkey List –  Collagen Peptide Serum – 30ml,The Inkey List,Face Serum,1510,2450,1510,yes,1,Only 1 left in stock,yes,simple,https://lavishta.com/product/the-inkey-list-collagen-peptide-serum-30ml/,2026-10-06T13:53:06Z
20911,L02133,The Inkey List –  Retinol Serum – 30ml,The Inkey List,Face Serum,1510,2450,1510,yes,1,Only 1 left in stock,yes,simple,https://lavishta.com/product/the-inkey-list-retinol-serum-30ml/,2026-10-06T13:53:06Z
21023,L02195,Tresluce Beauty –  Super Fácil 2-in-1 Lash Applicator,Tresluce Beauty,Brow & Lash Tools,880,1470,880,yes,1,Only 1 left in stock,yes,simple,https://lavishta.com/product/tresluce-beauty-super-facil-2-in-1-lash-applicator/,2026-10-06T13:53:06Z
359550,L04726,Urban Decay –  Wild Greens Eyeshadow Palette,Urban Decay,Eyes,5400,8220,5400,yes,1,Only 1 left in stock,yes,simple,https://lavishta.com/product/urban-decay-wild-greens-eyeshadow-palette/,2026-10-06T13:53:06Z
282330,L04429,Vaseline –  Intensive Care Cocoa Radiant Vitalizing Body Gel Oil – 200ml,Vaseline,Body,920,1150,920,yes,1,Only 1 left in stock,yes,simple,https://lavishta.com/product/vaseline-intensive-care-cocoa-radiant-vitalizing-body-gel-oil-200ml/,2026-10-06T13:53:06Z
122213,L03784,W7 –  Prime Grip Primer – 24g,W7,Face,570,1230,570,yes,1,Only 1 left in stock,yes,simple,https://lavishta.com/product/w7-prime-grip-primer-24g/,2026-10-06T13:53:06Z
414995,L04854,celimax –  The Real Noni Acne Bubble Cleanser – 155ml,celimax,Cleanser,1650,1880,1650,yes,1,Only 1 left in stock,yes,simple,https://lavishta.com/product/celimax-the-real-noni-acne-bubble-cleanser-155ml/,2026-10-06T13:53:06Z
78539,L03398,shein –  Women Cat Eye Shades Sunglasses – Off White,Shein,Accessories,1100,2020,1100,yes,1,Only 1 left in stock,yes,simple,https://lavishta.com/product/shein-women-cat-eye-shades-sunglasses-off-white/,2026-10-06T13:53:06Z
107639,L03668,3W CLINIC –  Rose Eye Cream – 40ml,3W CLINIC,Eye Care,360,450,360,yes,2,Only 2 left in stock,yes,simple,https://lavishta.com/product/3w-clinic-rose-eye-cream-40ml/,2026-10-06T13:53:06Z
414962,L04842,Absolute New york –  Vanilla Screnade       – 400g,Absolute New York,Body,2480,2950,2480,yes,2,Only 2 left in stock,yes,simple,https://lavishta.com/product/absolute-new-york-vanilla-screnade-400g/,2026-10-06T13:53:06Z
414960,L04841,Absolute New york –  Vanilla Screnade Body Shower Gel – 400ml,Absolute New York,Body,2440,2950,2440,yes,2,Only 2 left in stock,yes,simple,https://lavishta.com/product/absolute-new-york-vanilla-screnade-body-shower-gel-400ml/,2026-10-06T13:53:06Z
84025,L03460,Acwell –  Licorice Ph Balancing Cleansing Toner,Acwell,Cleanser,420,450,420,yes,2,Only 2 left in stock,yes,variable,https://lavishta.com/product/acwell-licorice-ph-balancing-cleansing-toner-150ml/,2026-10-06T13:53:06Z
129671,L03894,Anua –  Bha 2% Gentle Exfoliating Toner – 150ml,Anua,Face Toner,2480,3100,2480,yes,2,Only 2 left in stock,yes,simple,https://lavishta.com/product/anua-bha-2-gentle-exfoliating-toner-150ml/,2026-10-06T13:53:06Z
449987,L05012,Aplb –  Daily Solution Hair Shampoo – 300ml,Aplb,Hair Care,1480,1580,1480,yes,2,Only 2 left in stock,yes,simple,https://lavishta.com/product/aplb-daily-solution-hair-shampoo-300ml/,2026-10-06T13:53:06Z
285367,L04433,Aplb –  Liposome Retinol Lx Serum – 40ml,Aplb,Face Serum,910,1140,910,yes,2,Only 2 left in stock,yes,simple,https://lavishta.com/product/aplb-liposome-retinol-lx-serum-40ml/,2026-10-06T13:53:06Z
331406,L04600,Aplb –  Tranexamic Acid Niacinamide Body Lotion – 300ml,Aplb,Body,1500,1880,1500,yes,2,Only 2 left in stock,yes,simple,https://lavishta.com/product/aplb-tranexamic-acid-niacinamide-body-lotion-300ml/,2026-10-06T13:53:06Z
467439,L05110,Aveeno – Baby Mineral Sunscreen Lotion SPF 50 – 88ml,Aveeno,Skin Care,2080,2280,2080,yes,2,Only 2 left in stock,yes,simple,https://lavishta.com/product/aveeno-baby-mineral-sunscreen-lotion-spf-50-88ml/,2026-10-06T13:53:06Z
62660,L02953,Avene –  Cleanance Cleansing Gel,Avene,Cleanser,1340,1680,1340,yes,2,Only 2 left in stock,yes,variable,https://lavishta.com/product/avene-cleanance-cleansing-gel/,2026-10-06T13:53:06Z
397750,L04806,Bodyography –  Pouty Lip Pencil – Pout,Bodyography,Lip Liner,550,1550,550,yes,2,Only 2 left in stock,yes,simple,https://lavishta.com/product/bodyography-pouty-lip-pencil-pout/,2026-10-06T13:53:06Z
456068,L05071,Care Nel –  Anti-Melasma CICA Treatment Facial Toner – 155ml,Care Nel,Face Care,1680,1740,1680,yes,2,Only 2 left in stock,yes,simple,https://lavishta.com/product/care-nel-anti-melasma-cica-treatment-facial-toner-155ml/,2026-10-06T13:53:06Z
456060,L05067,Care Nel –  Derma Glutathione Niacinamide Brightening Body Lotion – 300ml,Care Nel,Body,1940,2080,1940,yes,2,Only 2 left in stock,yes,simple,https://lavishta.com/product/care-nel-derma-glutathione-niacinamide-brightening-body-lotion-300ml/,2026-10-06T13:53:06Z
451807,L05036,Catrice –  Plumping Lip Liner,Catrice,Lip Liner,980,1080,980,yes,2,Only 2 left in stock,yes,variable,https://lavishta.com/product/catrice-plumping-lip-liner/,2026-10-06T13:53:06Z
78485,L03369,CeraVe –  Acne Control Gel – 40ml,Cerave,Skin Care,2980,3470,2980,yes,2,Only 2 left in stock,yes,simple,https://lavishta.com/product/cerave-acne-control-gel-40ml/,2026-10-06T13:53:06Z
201914,L04311,Cerave –  Hydrating Foaming Oil Cleanser For Dry To Very Dry Skin – 473ml,Cerave,Cleanser,3840,3970,3840,yes,2,Only 2 left in stock,yes,simple,https://lavishta.com/product/cerave-hydrating-foaming-oil-cleanser-for-dry-to-very-dry-skin-473ml/,2026-10-06T13:53:06Z
51406,L02620,Cerave –  Moisturizing Lotion Pm – 60ml,Cerave,Moisturizer,2380,2450,2380,yes,2,Only 2 left in stock,yes,simple,https://lavishta.com/product/cerave-moisturizing-lotion-pm-60ml/,2026-10-06T13:53:06Z
305894,L04578,"Cetaphil –  Gentle Skin Cleanser Dry to Normal, Sensitive Skin – 591ml",Cetaphil,Cleanser,3850,4820,3850,yes,2,Only 2 left in stock,yes,simple,https://lavishta.com/product/cetaphil-gentle-skin-cleanser-dry-to-normal-sensitive-skin-591ml/,2026-10-06T13:53:06Z
305916,L04581,Cetaphil –  Redness Relieving Foaming Face Wash – 237ml,Cetaphil,Cleanser,2910,3650,2910,yes,2,Only 2 left in stock,yes,simple,https://lavishta.com/product/cetaphil-redness-relieving-foaming-face-wash-237ml/,2026-10-06T13:53:06Z
38963,L00359,Charlotte Tilbury –  Airbrush Bronzer,Charlotte Tilbury,Bronzer,7600,10830,7600,yes,2,Only 2 left in stock,yes,variable,https://lavishta.com/product/charlotte-tilbury-airbrush-bronzer/,2026-10-06T13:53:06Z
449964,L05005,Color wow –  Dreaming Advanced Repair and Resurfacing Treatment – 50ml,Color Wow,Hair,2450,2680,2450,yes,2,Only 2 left in stock,yes,simple,https://lavishta.com/product/color-wow-dreaming-advanced-repair-and-resurfacing-treatment-50ml/,2026-10-06T13:53:06Z
78509,L03381,Cosrx –  Centella Blemish Cream – 30g,Cosrx,Cream,1620,2030,1620,yes,2,Only 2 left in stock,yes,simple,https://lavishta.com/product/cosrx-centella-blemish-cream-30g/,2026-10-06T13:53:06Z
70205,L03079,Cosrx –  Oil-Free Ultra-Moisturizing Lotion with Birch Sap – 100ml,Cosrx,K-Beauty,1760,2200,1760,yes,2,Only 2 left in stock,yes,simple,https://lavishta.com/product/cosrx-oil-free-ultra-moisturizing-lotion-with-birch-sap-100ml/,2026-10-06T13:53:06Z
176216,L04229,Essence –  Black is The New pink Blush,Essence,Lip Tints & Balms,980,1050,980,yes,2,Only 2 left in stock,yes,simple,https://lavishta.com/product/essence-pink-is-the-new-black-lip-tint-01-pink-lips-loading/,2026-10-06T13:53:06Z
176208,L04223,Essence –  Blooming Wings Eyeshadow Palette,Essence,Eyes,2160,3130,2160,yes,2,Only 2 left in stock,yes,simple,https://lavishta.com/product/essence-blooming-wings-eyeshadow-palette/,2026-10-06T13:53:06Z
76788,L03281,Fanola –  No Orange Shampoo,Fanola,Color Correcting,1550,1700,1550,yes,2,Only 2 left in stock,yes,variable,https://lavishta.com/product/fanola-no-orange-shampoo-350ml/,2026-10-06T13:53:06Z
437578,L04985,Gisou –  Honey Infused Hair Oil,Gisou,Hair,4680,4940,4680,yes,2,Only 2 left in stock,yes,variable,https://lavishta.com/product/gisou-honey-infused-hair-oil/,2026-10-06T13:53:06Z
89253,L03546,Glow Recipe –  Blur + Smooth Duo,Glow Recipe,Face Care,7220,7670,7220,yes,2,Only 2 left in stock,yes,simple,https://lavishta.com/product/glow-recipe-blur-smooth-duo/,2026-10-06T13:53:06Z
451131,L05027,Glow Recipe –  Dewy Babies Kit,Glow Recipe,Face,6580,7000,6580,yes,2,Only 2 left in stock,yes,simple,https://lavishta.com/product/glow-recipe-dewy-babies-kit/,2026-10-06T13:53:06Z
107729,L03691,Heimish –  Marine Care Eye Cream – 30ml,Heimish,Cream,2100,2630,2100,yes,2,Only 2 left in stock,yes,simple,https://lavishta.com/product/heimish-marine-care-eye-cream-30ml/,2026-10-06T13:53:06Z
377119,L04791,Huda Beauty –  Blush Filter Blurring Blushlighters Palette,Huda Beauty,Face,7800,8200,7800,yes,2,Only 2 left in stock,yes,variable,https://lavishta.com/product/huda-beauty-blush-filter-blurring-blushlighters-palette/,2026-10-06T13:53:06Z
359582,L04736,Huda Beauty –  Easy Bake Setting Spray With 16-Hour Wear – 100ml,Huda Beauty,Face,5800,6050,5800,yes,2,Only 2 left in stock,yes,simple,https://lavishta.com/product/huda-beauty-easy-bake-setting-spray-with-16-hour-wear-100ml/,2026-10-06T13:53:06Z
397905,L02379,Huda Beauty –  Glowish Blur Jam Silicone Free Smoothing Primer – 26ml,Huda Beauty,Face,4500,5600,4500,yes,2,Only 2 left in stock,yes,simple,https://lavishta.com/product/huda-beauty-glowish-blur-jam-silicone-free-smoothing-primer-26ml/,2026-10-06T13:53:06Z
60590,L02863,Huda Beauty –  Lip Contour 2.0 Automatic Matte Lip Pencil,Huda Beauty,Lip Liner,2950,4160,2950,yes,2,Only 2 left in stock,yes,variable,https://lavishta.com/product/huda-beauty-lip-contour-2-0-automatic-matte-lip-pencil/,2026-10-06T13:53:06Z
397928,L01005,Huda Beauty –  N.y.m.p.h. Not Your Mama’s Panty Hose All Over Body – Luna,Huda Beauty,Face,2680,9440,2680,yes,2,Only 2 left in stock,yes,simple,https://lavishta.com/product/huda-beauty-n-y-m-p-h-not-your-mamas-panty-hose-all-over-body-luna/,2026-10-06T13:53:06Z
39063,L00968,Huda Beauty –  Power Bullet Matte Lipstick,Huda Beauty,Lips,2510,4950,2510,yes,2,Only 2 left in stock,yes,variable,https://lavishta.com/product/huda-beauty-power-bullet-matte-lipstick/,2026-10-06T13:53:06Z
359554,L04728,Iconic London –  Blaze Chaser Face Palette,Iconic London,Face,3200,5440,3200,yes,2,Only 2 left in stock,yes,simple,https://lavishta.com/product/iconic-london-blaze-chaser-face-palette/,2026-10-06T13:53:06Z
285390,L04452,KSECRET –  Seoul 1988 Capsule Cream : Niacinamide 5% + Yuja – 50ml,KSecret,K-Beauty,1710,2140,1710,yes,2,Only 2 left in stock,yes,simple,https://lavishta.com/product/ksecret-seoul-1988-capsule-cream-niacinamide-5-yuja-50ml/,2026-10-06T13:53:06Z
285392,L04454,KSECRET –  Seoul 1988 Sun : Pine Tree + Ceramide – 50ml,KSecret,K-Beauty,1290,1620,1290,yes,2,Only 2 left in stock,yes,simple,https://lavishta.com/product/ksecret-seoul-1988-sun-pine-tree-ceramide-50ml/,2026-10-06T13:53:06Z
305935,L04527,KSecret –  Boosting Serum: Collagen Complex 7 + Red Ginseng – 30ml,KSecret,Face Serum,1490,1850,1490,yes,2,Only 2 left in stock,yes,simple,https://lavishta.com/product/ksecret-boosting-serum-collagen-complex-7-red-ginseng-30ml/,2026-10-06T13:53:06Z
437662,L04995,Kerastase –  Nutritive 8h Magic Night Hair Serum – 30ml,Kerastase,Hair,7480,7880,7480,yes,2,Only 2 left in stock,yes,simple,https://lavishta.com/product/kerastase-nutritive-8h-magic-night-hair-serum-30ml/,2026-10-06T13:53:06Z
201978,L04328,L.a Girl –  Highlight Compact – G43386,L.a Girl,Face,1890,2400,1890,yes,2,Only 2 left in stock,yes,simple,https://lavishta.com/product/l-a-girl-highlight-compact-g43386/,2026-10-06T13:53:06Z
69190,L03017,L.a Girl –  Sweet Lip Scrub – GLP525,L.a Girl,Lips,650,800,800,no,2,Only 2 left in stock,yes,variable,https://lavishta.com/product/l-a-girl-sweet-lip-scrub/,2026-10-06T13:53:06Z
451119,L05026,Laneige –  S’More Kisses Set,Laneige,Lip Tints & Balms,5580,5900,5580,yes,2,Only 2 left in stock,yes,simple,https://lavishta.com/product/laneige-smore-kisses-set/,2026-10-06T13:53:06Z
57601,L02786,Loreal Paris –  Infallible Up To 24h Fresh Wear Foundation In A Powder,Loreal Paris,Face,1550,2870,1550,yes,2,Only 2 left in stock,yes,variable,https://lavishta.com/product/loreal-paris-infallible-up-to-24h-fresh-wear-foundation-in-a-powder/,2026-10-06T13:53:06Z
19326,L01212,Loreal Paris –  Voluminous Lash Paradise Washable Mascara,Loreal Paris,Eyes,1310,2220,1310,yes,2,Only 2 left in stock,yes,simple,https://lavishta.com/product/loreal-paris-voluminous-lash-paradise-washable-mascara/,2026-10-06T13:53:06Z
415094,L04888,Loreal –  Revitalift Multi Lift Anti-Wrinkle + Extra Firming Hydrating Night Cream – 50ml,Loreal,Cream,2250,2650,2250,yes,2,Only 2 left in stock,yes,simple,https://lavishta.com/product/loreal-revitalift-multi-lift-anti-wrinkle-extra-firming-hydrating-night-cream-50ml/,2026-10-06T13:53:06Z
305946,L04568,L’Oreal Paris –  Revitalift Clinical Pure 12% Vitamin C+E+Salicylic Serum – 30ml,Loreal Paris,Face Serum,3980,4980,3980,yes,2,Only 2 left in stock,yes,simple,https://lavishta.com/product/loreal-paris-revitalift-clinical-pure-12-vitamin-cesalicylic-serum-30ml/,2026-10-06T13:53:06Z
19371,L01244,Mac –  Glow Play Blush,Mac,Blush,3550,6220,3550,yes,2,Only 2 left in stock,yes,variable,https://lavishta.com/product/mac-glow-play-blush/,2026-10-06T13:53:06Z
89189,L03569,Mac –  Powder Kiss Velvet Blur Slim Stick,Mac,Lips,4050,5140,4050,yes,2,Only 2 left in stock,yes,variable,https://lavishta.com/product/mac-powder-kiss-velvet-blur-slim-stick/,2026-10-06T13:53:06Z
281838,L04384,Mac –  Squirt Plumping Gloss Stick Duo – Clear + Amped,Mac,Lip Gloss,4600,5700,4600,yes,2,Only 2 left in stock,yes,simple,https://lavishta.com/product/mac-squirt-plumping-gloss-stick-duo-clear-amped/,2026-10-06T13:53:06Z
107799,L03715,Mary & May –  Premium Blackberry Essence Mask Box – 250gm,Mary & May,Face Care,2570,3220,2570,yes,2,Only 2 left in stock,yes,simple,https://lavishta.com/product/mary-may-premium-blackberry-essence-mask-box-250gm/,2026-10-06T13:53:06Z
76837,L03277,Maybelline –  Colossal Smoky Black,Maybelline,Eyes,1050,1590,1050,yes,2,Only 2 left in stock,yes,simple,https://lavishta.com/product/maybelline-colossal-smoky-black/,2026-10-06T13:53:06Z
262139,L04377,Maybelline –  Fit Me Mono Blush,Maybelline,Blush,1180,1300,1180,yes,2,Only 2 left in stock,yes,variable,https://lavishta.com/product/maybelline-fit-me-mono-blush/,2026-10-06T13:53:06Z
36301,L02524,Maybelline –  The Colossal Waterproof Mascara,Maybelline,Eyes,1050,1860,1050,yes,2,Only 2 left in stock,yes,simple,https://lavishta.com/product/maybelline-the-colossal-waterproof-mascara/,2026-10-06T13:53:06Z
464032,L01629,Morphe –  Eye Stunners Brush Collection,Morphe,Brush Sets,3050,4590,3050,yes,2,Only 2 left in stock,yes,simple,https://lavishta.com/product/morphe-eye-stunners-brush-collection/,2026-10-06T13:53:06Z
464046,L01652,Morphe –  M310 – Large Soft Fan Highlighter Brush,Morphe,Brush,1610,2010,1610,yes,2,Only 2 left in stock,yes,simple,https://lavishta.com/product/morphe-m310-large-soft-fan-highlighter-brush/,2026-10-06T13:53:06Z
464044,L01688,Morphe –  R7 – Pointed Powder Brush,Morphe,Brush,2450,3500,2450,yes,2,Only 2 left in stock,yes,simple,https://lavishta.com/product/morphe-r7-pointed-powder-brush/,2026-10-06T13:53:06Z
39181,L01741,Nars –  Sheer Glow Foundation,Nars,Face,7010,9160,7010,yes,2,Only 2 left in stock,yes,variable,https://lavishta.com/product/nars-sheer-glow-foundation/,2026-10-06T13:53:06Z
415112,L04893,Neutrogena –  T/Sal® Therapeutic Shampoo-Scalp Build-up Control – 133ml,Neutrogena,Hair,2180,2200,2180,yes,2,Only 2 left in stock,yes,simple,https://lavishta.com/product/neutrogena-t-sal-therapeutic-shampoo-scalp-build-up-control-133ml/,2026-10-06T13:53:06Z
107824,L03721,Nineless –  Essentials UV Shield Soothing Sun Cream SPF 50+ Pa++++ – 50g,Nineless,K-Beauty,1150,1440,1150,yes,2,Only 2 left in stock,yes,simple,https://lavishta.com/product/nineless-essentials-uv-shield-soothing-sun-cream-spf-50-pa-50g/,2026-10-06T13:53:06Z
262179,L03723,Numbuzin –  No.5 Vitamin Concentrated Serum – 30ml,Numbuzin,Face Serum,2050,2570,2050,yes,2,Only 2 left in stock,yes,simple,https://lavishta.com/product/numbuzin-no-5-vitamin-concentrated-serum-30ml/,2026-10-06T13:53:06Z
281818,L04417,Nyx –  Buttermelt Blush,Nyx,Blush,1990,2150,1990,yes,2,Only 2 left in stock,yes,variable,https://lavishta.com/product/nyx-buttermelt-blush/,2026-10-06T13:53:06Z
343751,L03357,Nyx –  This Is Juice Gloss – Coconut Chill,Nyx,Lip Gloss,1360,1490,1360,yes,2,Only 2 left in stock,yes,simple,https://lavishta.com/product/nyx-this-is-juice-gloss-coconut-chill/,2026-10-06T13:53:06Z
129919,L03861,ONE/SIZE by Patrick Starrr –  Ultimate Blurring Setting Powder,ONE/SIZE by Patrick Starrr,Face,5380,6860,5380,yes,2,Only 2 left in stock,yes,variable,https://lavishta.com/product/one-size-by-patrick-starrr-ultimate-blurring-setting-powder/,2026-10-06T13:53:06Z
449952,L05002,Ofra –  Midi Palette – Sweet Electric,Ofra,Blush,3440,6930,3440,yes,2,Only 2 left in stock,yes,simple,https://lavishta.com/product/ofra-midi-palette-sweet-electric/,2026-10-06T13:53:06Z
285436,L04476,Purito –  SEOUL Oat In Gentle Exfoliating Face Cleanser – 150ml,Purito,Cleanser,2030,2540,2030,yes,2,Only 2 left in stock,yes,simple,https://lavishta.com/product/purito-seoul-oat-in-gentle-exfoliating-face-cleanser-150ml/,2026-10-06T13:53:06Z
331502,L04609,Rem Beauty –  Essential Drip Glossy Balm – Juice Box,Rem Beauty,Lip Plumpers,3500,3500,3500,no,2,Only 2 left in stock,yes,variable,https://lavishta.com/product/rem-beauty-essential-drip-glossy-balm/,2026-10-06T13:53:06Z
112725,L03769,Remington –  D3010 Hair Dryer Power Ionic 2000w – D3010,Remington,Flash Sale,3950,4270,3950,yes,2,Only 2 left in stock,yes,simple,https://lavishta.com/product/remington-d3010-hair-dryer-power-ionic-2000w/,2026-10-06T13:53:06Z
176257,L04251,Revlon –  Paddle Dryer Perfectionist 2in 1 – RVHA6475UK3,Revlon,Hair tool,4910,6000,4910,yes,2,Only 2 left in stock,yes,simple,https://lavishta.com/product/revlon-paddle-dryer-perfectionist-2in-1-rvha6475uk3/,2026-10-06T13:53:06Z
377154,L04778,Rohto –  Skin Aqua Hyaluronic Serum UV SPF 50+ PA++++ – 70g,Rohto,J-Beauty,1480,1600,1480,yes,2,Only 2 left in stock,yes,simple,https://lavishta.com/product/rohto-skin-aqua-hyaluronic-serum-uv-spf-50-pa-70g/,2026-10-06T13:53:06Z
70211,L03082,Round Lab –  Birch Juice Moisturizing Sun Cream – 50ml,Round Lab,K-Beauty,1670,2070,1670,yes,2,Only 2 left in stock,yes,simple,https://lavishta.com/product/round-lab-birch-juice-moisturizing-sun-cream-50ml/,2026-10-06T13:53:06Z
435168,L04976,Saie –  Dew Blush Liquid Cheek Flush Mini,Saie,Blush,3250,4200,3250,yes,2,Only 2 left in stock,yes,variable,https://lavishta.com/product/saie-dew-blush-liquid-cheek-flush-mini/,2026-10-06T13:53:06Z
435164,L04974,Saie –  Glowy Super Gel Multipurpose Illuminator,Saie,Face,5800,7200,5800,yes,2,Only 2 left in stock,yes,variable,https://lavishta.com/product/saie-glowy-super-gel-multipurpose-illuminator/,2026-10-06T13:53:06Z
435162,L04973,Saie –  Slip Tint Tinted Moisturizer SPF 35,Saie,Face,6850,8200,6850,yes,2,Only 2 left in stock,yes,variable,https://lavishta.com/product/saie-slip-tint-tinted-moisturizer-spf-35/,2026-10-06T13:53:06Z
367399,L04751,Sephora –  12HR Colorful Waterproof Retractable Eyeliner – 01 Matte Black,Sephora,Eyeliner,2620,2710,2620,yes,2,Only 2 left in stock,yes,simple,https://lavishta.com/product/sephora-12hr-colorful-waterproof-retractable-eyeliner-01-matte-black/,2026-10-06T13:53:06Z
449934,L04998,Shiseido –  Fino Premium Touch Conditioner – 550ml,Shiseido,Hair,2240,2380,2240,yes,2,Only 2 left in stock,yes,simple,https://lavishta.com/product/shiseido-fino-premium-touch-conditioner-550ml/,2026-10-06T13:53:06Z
415155,L04906,Simple –  Clear Pore Facial Scrub – 150ml,Simple,Scrub,690,820,690,yes,2,Only 2 left in stock,yes,simple,https://lavishta.com/product/simple-clear-pore-facial-scrub-150ml/,2026-10-06T13:53:06Z
129995,L03864,Simple –  Kind to Skin Hydrating Cleansing Oil,Simple,Cleanser,1070,1340,1070,yes,2,Only 2 left in stock,yes,simple,https://lavishta.com/product/simple-kind-to-skin-hydrating-cleansing-oil/,2026-10-06T13:53:06Z
449948,L05000,Sol De Janeiro –  Cheirosa 62 Mini Set With Bag,Sol De Janeiro,Accessories,3250,3550,3250,yes,2,Only 2 left in stock,yes,simple,https://lavishta.com/product/sol-de-janeiro-cheirosa-62-mini-set-with-bag/,2026-10-06T13:53:06Z
453627,L05059,Sol De Janeiro –  Hair & Body Fragrance Mist 90ml – Cheirosa ’62,Sol De Janeiro,Accessories,4680,4810,4680,yes,2,Only 2 left in stock,yes,simple,https://lavishta.com/product/sol-de-janeiro-hair-body-fragrance-mist-90ml-cheirosa-62/,2026-10-06T13:53:06Z
122207,L03786,Technic –  Primer Spray – 31ml,Technic,Face,380,500,380,yes,2,Only 2 left in stock,yes,simple,https://lavishta.com/product/technic-primer-spray-31ml/,2026-10-06T13:53:06Z
55274,L02719,The Inkey List –  Pca Bond Repair Hair Treatment – 100ml,The Inkey List,Hair Care,1830,2850,1830,yes,2,Only 2 left in stock,yes,simple,https://lavishta.com/product/the-inkey-list-pca-bond-repair-hair-treatment-100ml/,2026-10-06T13:53:06Z
89183,L03544,Too Faced –  Born This Way Super Coverage Multi-use Concealer,Too Faced,Concealer,4750,6640,4750,yes,2,Only 2 left in stock,yes,variable,https://lavishta.com/product/too-faced-born-this-way-super-coverage-multi-use-concealer/,2026-10-06T13:53:06Z
414988,L04851,celimax –  Derma Nature Glutathione Longlasting Tone-up Cream – 35ml,celimax,K-Beauty,1080,1350,1080,yes,2,Only 2 left in stock,yes,simple,https://lavishta.com/product/celimax-derma-nature-glutathione-longlasting-tone-up-cream-35ml/,2026-10-06T13:53:06Z
414997,L04856,celimax –  The Real Noni Hydra Firming Lotion – 150ml,celimax,Body,1700,1950,1700,yes,2,Only 2 left in stock,yes,simple,https://lavishta.com/product/celimax-the-real-noni-hydra-firming-lotion-150ml/,2026-10-06T13:53:06Z
414949,L04837,Absolute New york –  Amber Embrace       – 400g,Absolute New York,Skin Care,2480,2950,2480,yes,3,Only 3 left in stock,yes,simple,https://lavishta.com/product/absolute-new-york-amber-embrace-400g/,2026-10-06T13:53:06Z
414945,L04835,Absolute New york –  Amber Embrace     &     – 200ml,Absolute New York,Body,1880,2280,1880,yes,3,Only 3 left in stock,yes,simple,https://lavishta.com/product/absolute-new-york-amber-embrace-200ml/,2026-10-06T13:53:06Z
461032,L05094,Absolute New york –  Vanilla Serenade Body & Hair Mist – 250ml,Absolute New York,Accessories,1580,2290,1580,yes,3,Only 3 left in stock,yes,simple,https://lavishta.com/product/absolute-new-york-vanilla-serenade-body-hair-mist-250ml/,2026-10-06T13:53:06Z
467435,L05108,Alpecin – Alpecin Caffeine Shampoo C1 Black Edition – 250ml,Alpecin,Hair,1880,1980,1880,yes,3,Only 3 left in stock,yes,simple,https://lavishta.com/product/alpecin-alpecin-caffeine-shampoo-c1-black-edition-250ml/,2026-10-06T13:53:06Z
467432,L05107,Alpecin – Alpecin Caffeine Shampoo C1 – 250ml,Alpecin,Hair,1880,1980,1880,yes,3,Only 3 left in stock,yes,simple,https://lavishta.com/product/alpecin-alpecin-caffeine-shampoo-c1-250ml/,2026-10-06T13:53:06Z
69150,L00031,Anastasia Beverly Hills –  Brow Wiz,Anastasia Beverly Hills,Brow,2850,4160,2850,yes,3,Only 3 left in stock,yes,variable,https://lavishta.com/product/anastasia-beverly-hills-brow-wiz/,2026-10-06T13:53:06Z
201895,L04338,Aplb –  Aha Bha Pha Centella Facial Toner – 160ml,Aplb,Face Toner,1260,1580,1260,yes,3,Only 3 left in stock,yes,simple,https://lavishta.com/product/aplb-aha-bha-pha-centella-facial-toner-160ml/,2026-10-06T13:53:06Z
176147,L04187,Aplb –  Hyaluronic Acid Ceramide Ha B5 Facial Toner – 160ml,Aplb,Face Toner,1240,1550,1240,yes,3,Only 3 left in stock,yes,simple,https://lavishta.com/product/aplb-hyaluronic-acid-ceramide-ha-b5-facial-toner-160ml/,2026-10-06T13:53:06Z
176160,L04197,Aplb –  Tranexamic Acid Niacinamide Ampoule Serum – 40ml,Aplb,Ampoule,910,1140,910,yes,3,Only 3 left in stock,yes,simple,https://lavishta.com/product/aplb-tranexamic-acid-niacinamide-ampoule-serum-40ml/,2026-10-06T13:53:06Z
305839,L04585,Aveeno –  Baby Daily Care Hair & Body Wash,Aveeno,Body,1380,1520,1380,yes,3,Only 3 left in stock,yes,variable,https://lavishta.com/product/aveeno-baby-daily-care-hair-body-wash-400ml/,2026-10-06T13:53:06Z
467441,L05111,"Aveeno – Kids Continuous Protection® Lotion Sunscreen with Broad Spectrum, SPF 50 – 88ml",Aveeno,Skin Care,2080,2280,2080,yes,3,Only 3 left in stock,yes,simple,https://lavishta.com/product/aveeno-kids-continuous-protection-lotion-sunscreen-with-broad-spectrum-spf-50-88ml/,2026-10-06T13:53:06Z
132785,L03948,Axis-y –  Dark Spot Correcting Glow Toner – 125ml,AXIS-Y,Face Toner,1850,2320,1850,yes,3,Only 3 left in stock,yes,simple,https://lavishta.com/product/axis-y-dark-spot-correcting-glow-toner-125ml/,2026-10-06T13:53:06Z
17311,L00185,Benefit Cosmetics –  Hoola Powder bronzer,Benefit Cosmetics,Bronzer,4240,6600,4240,yes,3,Only 3 left in stock,yes,variable,https://lavishta.com/product/benefit-cosmetics-hoola-powder-bronzer/,2026-10-06T13:53:06Z
414983,L04849,Benefit Cosmetics –  Talk Beauty To Me 2-piece Lip & Cheek Tint + Mascara Gift Set,Benefit Cosmetics,Bundle,5980,6500,5980,yes,3,Only 3 left in stock,yes,simple,https://lavishta.com/product/benefit-cosmetics-talk-beauty-to-me-2-piece-lip-cheek-tint-mascara-gift-set/,2026-10-06T13:53:06Z
305855,L04556,Bioderma –  ABCDerm Cold-Cream Nourishing Cream – 200ml,Bioderma,Moisturizer,2770,3440,2770,yes,3,Only 3 left in stock,yes,simple,https://lavishta.com/product/bioderma-abcderm-cold-cream-nourishing-cream-200ml/,2026-10-06T13:53:06Z
435190,L04966,Bioderma –  Photoderm Pediatrics Mineral SPF50+ – 50g,Bioderma,Skin Care,2780,2940,2780,yes,3,Only 3 left in stock,yes,simple,https://lavishta.com/product/bioderma-photoderm-pediatrics-mineral-spf50-50g/,2026-10-06T13:53:06Z
60308,L02855,Boots –  Vitamin C Brightening Moisturising Cream – 50ml,Boots,Flash Sale,910,1140,910,yes,3,Only 3 left in stock,yes,simple,https://lavishta.com/product/boots-vitamin-c-brightening-moisturising-cream-50ml/,2026-10-06T13:53:06Z
71277,L03112,COS DE BAHA –  Azelaic Acid Hinokitiol Clear Skin Ac Facial Serum – 30ml,COS DE BAHA,Face Serum,1150,1440,1150,yes,3,Only 3 left in stock,yes,simple,https://lavishta.com/product/cos-de-baha-azelaic-acid-hinokitiol-clear-skin-ac-facial-serum-30ml/,2026-10-06T13:53:06Z
71273,L03110,COS DE BAHA –  Niacinamide 5% Facial Toner Nt – 200ml,COS DE BAHA,Face Toner,1560,1950,1560,yes,3,Only 3 left in stock,yes,simple,https://lavishta.com/product/cos-de-baha-niacinamide-5-facial-toner-nt-200ml/,2026-10-06T13:53:06Z
71267,L03108,COS DE BAHA –  Retinol 2.5% Serum Rs – 30ml,COS DE BAHA,Face Serum,1110,1390,1110,yes,3,Only 3 left in stock,yes,simple,https://lavishta.com/product/cos-de-baha-retinol-2-5-serum-rs-30ml/,2026-10-06T13:53:06Z
456074,L05074,Care Nel –  Dr. Skin Hyaluvita B5 Cica Serum – 30ml,Care Nel,Face Serum,1320,1480,1320,yes,3,Only 3 left in stock,yes,simple,https://lavishta.com/product/care-nel-dr-skin-hyaluvita-b5-cica-serum-30ml/,2026-10-06T13:53:06Z
74930,L03267,CeraVe –  Acne Foaming Cream Cleanser – 150ml,Cerave,Cleanser,3080,3850,3080,yes,3,Only 3 left in stock,yes,simple,https://lavishta.com/product/cerave-acne-foaming-cream-cleanser-150ml/,2026-10-06T13:53:06Z
435180,L04961,CeraVe –  Invisible Sun Stick SPF50+ – 8g,Cerave,Skin Care,1980,2340,1980,yes,3,Only 3 left in stock,yes,simple,https://lavishta.com/product/cerave-invisible-sun-stick-spf50-8g/,2026-10-06T13:53:06Z
415003,L04859,CeraVe –  Moisturizing Cream For Dry To Very Dry Skin – 50ml,Cerave,CeraVe,1200,1380,1200,yes,3,Only 3 left in stock,yes,simple,https://lavishta.com/product/cerave-moisturizing-cream-for-dry-to-very-dry-skin-50ml/,2026-10-06T13:53:06Z
66923,L03059,CeraVe –  Skin Renewing Vitamin C Serum – 30ml,Cerave,Face Serum,3050,3820,3050,yes,3,Only 3 left in stock,yes,simple,https://lavishta.com/product/cerave-skin-renewing-vitamin-c-serum-30ml/,2026-10-06T13:53:06Z
467447,L05114,CeraVe – Baby Moisturizing Cream – 227g,Cerave,Moisturizer,2790,2980,2790,yes,3,Only 3 left in stock,yes,simple,https://lavishta.com/product/cerave-baby-moisturizing-cream-227g/,2026-10-06T13:53:06Z
305876,L04582,Cerave –  Baby Moisturizing Lotion – 237ml,Cerave,Body,2580,3120,2580,yes,3,Only 3 left in stock,yes,simple,https://lavishta.com/product/cerave-baby-moisturizing-lotion-237ml/,2026-10-06T13:53:06Z
305881,L04561,Cerave –  Intensive Moisturizing Lotion for Dry to Very Dry Skin – 355ml,Cerave,Moisturizer,3980,4150,3980,yes,3,Only 3 left in stock,yes,simple,https://lavishta.com/product/cerave-intensive-moisturizing-lotion-for-dry-to-very-dry-skin-355ml/,2026-10-06T13:53:06Z
62754,L02920,Cerave –  Skin Renewing Eye Cream – 15ml,Cerave,Eye Care,2640,3020,2640,yes,3,Only 3 left in stock,yes,simple,https://lavishta.com/product/cerave-skin-renewing-eye-cream-15ml/,2026-10-06T13:53:06Z
467455,L05118,"Cetaphil – Skin Activator Hydrating & Firming Cream for Neck, Chest & Face – 96g",Cetaphil,Cream,2380,2450,2380,yes,3,Only 3 left in stock,yes,simple,https://lavishta.com/product/cetaphil-skin-activator-hydrating-firming-cream-for-neck-chest-face-96g/,2026-10-06T13:53:06Z
56219,L02742,Charlotte Tilbury –  Airbrush Flawless Setting Spray – 100 ml,Charlotte Tilbury,Face,6480,7490,6480,yes,3,Only 3 left in stock,yes,simple,https://lavishta.com/product/charlotte-tilbury-airbrush-flawless-setting-spray-100-ml/,2026-10-06T13:53:06Z
397703,L02741,Charlotte Tilbury –  Beauty Light Wand,Charlotte Tilbury,Face,6100,7620,6100,yes,3,Only 3 left in stock,yes,variable,https://lavishta.com/product/charlotte-tilbury-beauty-light-wand/,2026-10-06T13:53:06Z
449974,L05009,Charlotte Tilbury –  Pillow Talk Push Up Lashes! Mascara – Super Black,Charlotte Tilbury,Eyes,3550,3880,3550,yes,3,Only 3 left in stock,yes,simple,https://lavishta.com/product/charlotte-tilbury-pillow-talk-push-up-lashes-mascara-super-black/,2026-10-06T13:53:06Z
429481,L04940,Color wow –  Color Security Conditioner (For Normal To Thick Hair) – 250ml,Color Wow,Hair,5180,5370,5180,yes,3,Only 3 left in stock,yes,simple,https://lavishta.com/product/color-wow-color-security-conditioner-for-normal-to-thick-hair-250ml/,2026-10-06T13:53:06Z
397707,L00441,Colourpop –  Pressed Eyeshadow Powder Palette,Colourpop,Eyes,1720,2800,1720,yes,3,Only 3 left in stock,yes,variable,https://lavishta.com/product/colourpop-pressed-eyeshadow-powder-palette/,2026-10-06T13:53:06Z
132952,L04015,Colourpop –  Pressed Eyeshadow Powder Palette – Flirty Talk,Colourpop,Eyes,2000,3450,2000,yes,3,Only 3 left in stock,yes,simple,https://lavishta.com/product/colourpop-shadow-palette-flirty-talk/,2026-10-06T13:53:06Z
58237,L02807,Colourpop –  Super Shock Shadow Vault – Shock It To Me,Colourpop,Eyes,6800,10890,6800,yes,3,Only 3 left in stock,yes,simple,https://lavishta.com/product/colourpop-super-shock-shadow-vault-shock-it-to-me/,2026-10-06T13:53:06Z
57687,L02799,Cosrx –  Advanced Snail Radiance Dual Essence – 80ml,Cosrx,Essence,2370,2970,2370,yes,3,Only 3 left in stock,yes,simple,https://lavishta.com/product/cosrx-advanced-snail-radiance-dual-essence-80ml/,2026-10-06T13:53:06Z
62750,L02916,Cosrx –  Aha 7 Whitehead Power Liquid – 100ml,Cosrx,Face Toner,1600,2000,1600,yes,3,Only 3 left in stock,yes,simple,https://lavishta.com/product/cosrx-aha-7-whitehead-power-liquid-100ml/,2026-10-06T13:53:06Z
66927,L03061,Cosrx –  Bha Blackhead Power Liquid – 100ml,Cosrx,Face Toner,1730,2170,1730,yes,3,Only 3 left in stock,yes,simple,https://lavishta.com/product/cosrx-bha-blackhead-power-liquid-100ml/,2026-10-06T13:53:06Z
70201,L03077,Cosrx –  Full Fit Propolis Synergy Toner – 150ml,Cosrx,Face Toner,1560,1950,1560,yes,3,Only 3 left in stock,yes,simple,https://lavishta.com/product/cosrx-full-fit-propolis-synergy-toner-150ml/,2026-10-06T13:53:06Z
122064,L03820,Cosrx –  The Niacinamide 15 Serum – 20ml,Cosrx,Face Serum,1910,2390,1910,yes,3,Only 3 left in stock,yes,simple,https://lavishta.com/product/cosrx-the-niacinamide-15-serum-20ml/,2026-10-06T13:53:06Z
457576,L00679,Fenty Beauty By RIHANNA –  Cheeks Out Freestyle Cream Blush,Fenty Beauty By RIHANNA,Blush,3080,4760,3080,yes,3,Only 3 left in stock,yes,variable,https://lavishta.com/product/fenty-beauty-by-rihanna-cheeks-out-freestyle-cream-blush/,2026-10-06T13:53:06Z
437617,L04988,Gisou –  Honey Glaze Collagen Therapy Lip Mask – 15g,Gisou,Hair,5880,6000,5880,yes,3,Only 3 left in stock,yes,simple,https://lavishta.com/product/gisou-honey-glaze-collagen-therapy-lip-mask-15g/,2026-10-06T13:53:06Z
377246,L04800,Glow Recipe –  Watermelon Glow Pink Juice Oil-Free Refillable Moisturizer – 50ml,Glow Recipe,Moisturizer,7380,8670,7380,yes,3,Only 3 left in stock,yes,simple,https://lavishta.com/product/glow-recipe-watermelon-glow-pink-juice-oil-free-refillable-moisturizer-50ml/,2026-10-06T13:53:06Z
451125,L00924,Glow Recipe –  Watermelon Glow Ultra-fine Mist – 75ml,Glow Recipe,Face Mist,4950,5200,4950,yes,3,Only 3 left in stock,yes,simple,https://lavishta.com/product/glow-recipe-watermelon-glow-ultra-fine-mist-75ml/,2026-10-06T13:53:06Z
305920,L04521,Haruharu Wonder –  Black Rice Night Knight Retinol Serum – 20ml,Haruharu wonder,Face Serum,1550,1940,1550,yes,3,Only 3 left in stock,yes,simple,https://lavishta.com/product/haruharu-wonder-black-rice-night-knight-retinol-serum-20ml/,2026-10-06T13:53:06Z
86363,L03503,Haruharu wonder –  Black Rice Moisture Deep Cleansing Oil – 150ml,Haruharu wonder,Cleanser,1790,2240,1790,yes,3,Only 3 left in stock,yes,simple,https://lavishta.com/product/haruharu-wonder-black-rice-moisture-deep-cleansing-oil-150ml/,2026-10-06T13:53:06Z
429335,L04924,Haus Labs –  Color Fuse Blush Powder,Haus Labs,Blush,5850,6200,5850,yes,3,Only 3 left in stock,yes,variable,https://lavishta.com/product/haus-labs-color-fuse-blush-powder/,2026-10-06T13:53:06Z
107733,L03693,Heimish –  Matcha Biome Cleansing Oil – 150ml,Heimish,Cleanser,1890,2370,1890,yes,3,Only 3 left in stock,yes,simple,https://lavishta.com/product/heimish-matcha-biome-cleansing-oil-150ml/,2026-10-06T13:53:06Z
285388,L04450,House of Hur –  Purifying Cleansing Balm – 50ml,House of Hur,Cleanser,2210,2770,2210,yes,3,Only 3 left in stock,yes,simple,https://lavishta.com/product/house-of-hur-purifying-cleansing-balm-50ml/,2026-10-06T13:53:06Z
18727,L00984,Huda Beauty –  Legit Lashes Waterproof Mascara – Topcoat,Huda Beauty,Eyes,2400,3510,2400,yes,3,Only 3 left in stock,yes,simple,https://lavishta.com/product/huda-beauty-legit-lashes-waterproof-mascara-topcoat/,2026-10-06T13:53:06Z
39054,L00992,Huda Beauty –  Lip Contour Set – Vixen & Famous,Huda Beauty,Lips,3180,4680,4680,no,3,Only 3 left in stock,yes,variable,https://lavishta.com/product/huda-beauty-lip-contour-set/,2026-10-06T13:53:06Z
359584,L04738,Huda Beauty –  Pretty Grunge Eyeshadow Palette,Huda Beauty,Eyes,12480,13050,12480,yes,3,Only 3 left in stock,yes,simple,https://lavishta.com/product/huda-beauty-pretty-grunge-eyeshadow-palette/,2026-10-06T13:53:06Z
60280,L02829,Iunik –  Propolis Vitamin Synergy Serum – 50ml,Iunik,Face Serum,1620,2030,1620,yes,3,Only 3 left in stock,yes,simple,https://lavishta.com/product/iunik-propolis-vitamin-synergy-serum-50ml-50ml/,2026-10-06T13:53:06Z
107753,L03699,I’m From –  Rice Cream – 50g,I'm From,Cream,2330,2920,2330,yes,3,Only 3 left in stock,yes,simple,https://lavishta.com/product/im-from-rice-cream-50g/,2026-10-06T13:53:06Z
18910,L01063,Jeffree Star –  Blood Money,Jeffree Star,Eyes,6200,10760,6200,yes,3,Only 3 left in stock,yes,simple,https://lavishta.com/product/jeffree-star-blood-money/,2026-10-06T13:53:06Z
397938,L01076,Jeffree Star –  Mini Controversy,Jeffree Star,Eyes,3180,5450,3180,yes,3,Only 3 left in stock,yes,simple,https://lavishta.com/product/jeffree-star-mini-controversy/,2026-10-06T13:53:06Z
71773,L03229,Juvias Place –  Blushed Duo Blush,Juvias Place,Blush,2840,3400,2840,yes,3,Only 3 left in stock,yes,variable,https://lavishta.com/product/juvias-place-blushed-duo-blush/,2026-10-06T13:53:06Z
19061,L01125,Juvias Place –  The Warrior 3,Juvias Place,Eyes,2050,4030,2050,yes,3,Only 3 left in stock,yes,simple,https://lavishta.com/product/juvias-place-the-warrior-3/,2026-10-06T13:53:06Z
129773,L03878,Juvias Place –  Tribe Highlighter – Vol 2,Juvias Place,Face,1580,2860,1580,yes,3,Only 3 left in stock,yes,simple,https://lavishta.com/product/juvias-place-tribe-highlighter-vol-2/,2026-10-06T13:53:06Z
285400,L04462,KSecret –  Seoul 1988 Serum : Retinal Liposome 2% + Black Ginseng – 30ml,KSecret,Face Serum,1560,1950,1560,yes,3,Only 3 left in stock,yes,simple,https://lavishta.com/product/ksecret-seoul-1988-serum-retinal-liposome-2-black-ginseng-30ml/,2026-10-06T13:53:06Z
201969,L04329,L.a Girl –  3pc Glitter Face & Body Gift Set – G43388 Twinkle & Glow,L.a Girl,Eyes,1810,2920,1810,yes,3,Only 3 left in stock,yes,simple,https://lavishta.com/product/l-a-girl-3pc-glitter-face-body-gift-set-g43388-twinkle-glow/,2026-10-06T13:53:06Z
140142,L04121,Loreal Paris –  Hyaluron Expert Replumping Day Cream SPF 20 – 50ml,Loreal Paris,Cream,1690,2120,1690,yes,3,Only 3 left in stock,yes,simple,https://lavishta.com/product/loreal-paris-hyaluron-expert-replumping-day-cream-spf-20-50ml/,2026-10-06T13:53:06Z
305942,L04566,L’Oreal Paris –  Age Perfect Taches Brunes Sérum Correcteur Action Rapide – 30ml,Loreal Paris,Face Serum,3760,4690,3760,yes,3,Only 3 left in stock,yes,simple,https://lavishta.com/product/loreal-paris-age-perfect-taches-brunes-serum-correcteur-action-rapide-30ml/,2026-10-06T13:53:06Z
139976,L04104,L’Oreal Paris –  Revitalift Hydrating Night Cream – 50ml,Loreal Paris,Moisturizer,2030,2540,2030,yes,3,Only 3 left in stock,yes,simple,https://lavishta.com/product/loreal-paris-revitalift-hydrating-night-cream-50ml/,2026-10-06T13:53:06Z
19705,L01330,Maybelline –  Lash Sensational Mascara (Washable),Maybelline,Eyes,1250,2220,1250,yes,3,Only 3 left in stock,yes,simple,https://lavishta.com/product/maybelline-lash-sensational-mascara-washable/,2026-10-06T13:53:06Z
331462,L04606,Maybelline –  Poreless Jelly 24h Hydrating Blur Primer – 30ml,Maybelline,Face,1820,2050,1820,yes,3,Only 3 left in stock,yes,simple,https://lavishta.com/product/maybelline-poreless-jelly-24h-hydrating-blur-primer-30ml/,2026-10-06T13:53:06Z
467469,L05123,Medicube – Hyaluronic Moisturizing Capsule Cream – 55g,Medicube,Cream,2360,2480,2360,yes,3,Only 3 left in stock,yes,simple,https://lavishta.com/product/medicube-hyaluronic-moisturizing-capsule-cream-55g/,2026-10-06T13:53:06Z
122114,L03840,Mielle –  Rosemary Mint Strengthening Hair Masque – 340gm,Mielle,Hair,2370,3000,2370,yes,3,Only 3 left in stock,yes,simple,https://lavishta.com/product/mielle-rosemary-mint-strengthening-hair-masque-340gm/,2026-10-06T13:53:06Z
39178,L01738,Nars –  Powder Blush,Nars,Blush,3400,6250,3400,yes,3,Only 3 left in stock,yes,variable,https://lavishta.com/product/nars-powder-blush/,2026-10-06T13:53:06Z
367337,L01743,Nars –  Velvet Matte Lip Pencil,Nars,Lip Liner,1850,4930,1850,yes,3,Only 3 left in stock,yes,variable,https://lavishta.com/product/nars-velvet-matte-lip-pencil/,2026-10-06T13:53:06Z
305968,L04545,Neutrogena –  Clear & Radiant Face Wash with Vitamin C – 200ml,Neutrogena,Facewash,1150,1440,1150,yes,3,Only 3 left in stock,yes,simple,https://lavishta.com/product/neutrogena-clear-radiant-face-wash-with-vitamin-c-200ml/,2026-10-06T13:53:06Z
285412,L04466,Nineless –  A-Control 10% Azelaic Acid Serum – 30ml,Nineless,Face Serum,1350,1690,1350,yes,3,Only 3 left in stock,yes,simple,https://lavishta.com/product/nineless-a-control-10-azelaic-acid-serum-30ml/,2026-10-06T13:53:06Z
20470,L01859,Ordinary –  100% Organic Virgin Chia Seed Oil – 30ml,Ordinary,Face Care,1560,1950,1560,yes,3,Only 3 left in stock,yes,simple,https://lavishta.com/product/ordinary-100-organic-virgin-chia-seed-oil-30ml/,2026-10-06T13:53:06Z
415131,L04897,Ordinary –  Sulfur 10% Powder-to-Cream Concentrate – 5g,Ordinary,Skin Care,1880,2650,1880,yes,3,Only 3 left in stock,yes,simple,https://lavishta.com/product/ordinary-sulfur-10-powder-to-cream-concentrate-5g/,2026-10-06T13:53:06Z
305984,L04531,Purito –  Oat Pdrn Gentle Refining Toner – 200ml,Purito,Face Toner,2160,2690,2160,yes,3,Only 3 left in stock,yes,simple,https://lavishta.com/product/purito-oat-pdrn-gentle-refining-toner-200ml/,2026-10-06T13:53:06Z
429364,L04920,Rare Beauty –  Rare Eau de Parfum Fragrance Gift Set,Rare Beauty,Accessories,14650,15200,14650,yes,3,Only 3 left in stock,yes,simple,https://lavishta.com/product/rare-beauty-rare-eau-de-parfum-fragrance-gift-set/,2026-10-06T13:53:06Z
93887,L03591,Remington –  Ceramic Straight 215 Hair Straightener – S1370,Remington,Flash Sale,3780,4480,3780,yes,3,Only 3 left in stock,yes,simple,https://lavishta.com/product/remington-ceramic-straight-215-hair-straightener-s1370/,2026-10-06T13:53:06Z
93885,L03590,Remington –  Ceramic Straight 230 Hair Straightener – S3500,Remington,Flash Sale,4530,5020,4530,yes,3,Only 3 left in stock,yes,simple,https://lavishta.com/product/remington-ceramic-straight-230-hair-straightener-s3500/,2026-10-06T13:53:06Z
144884,L04129,Remington –  Shine Therapy Wide Plate Straightener Infused with Moroccan Argan Oil – S8550,Remington,Hair tool,7500,8320,7500,yes,3,Only 3 left in stock,yes,simple,https://lavishta.com/product/remington-shine-therapy-wide-plate-straightener-infused-with-moroccan-argan-oil-s8550/,2026-10-06T13:53:06Z
305993,L04596,Remington –  Wet2Straight Pro Hair Straightener – S7970,Remington,Hair tool,7560,8400,7560,yes,3,Only 3 left in stock,yes,simple,https://lavishta.com/product/remington-wet2straight-pro-hair-straightener-s7970/,2026-10-06T13:53:06Z
129935,L03854,Revlon –  One Step Volumiser Hair Styler Rose Edition REV-RVDR5222VUK – RVDR5222VUK,Revlon,Flash Sale,8440,12000,8440,yes,3,Only 3 left in stock,yes,simple,https://lavishta.com/product/revlon-one-step-volumiser-hair-styler-rose-edition-rev-rvdr5222vuk/,2026-10-06T13:53:06Z
107852,L03727,SKIN1004 –  Centella Probio-cica Intensive Ampoule,SKIN1004,Ampoule,880,950,880,yes,3,Only 3 left in stock,yes,variable,https://lavishta.com/product/skin1004-centella-probio-cica-intensive-ampoule/,2026-10-06T13:53:06Z
55270,L02716,SKIN1004 –  Hyalu-cica Brightening Toner,SKIN1004,Face Toner,710,890,710,yes,3,Only 3 left in stock,yes,variable,https://lavishta.com/product/skin1004-hyalu-cica-brightening-toner/,2026-10-06T13:53:06Z
429505,L04951,SKIN1004 –  Niacinamide 10 Boosting Shot Ampoule – 30ml,SKIN1004,Ampoule,1840,1900,1840,yes,3,Only 3 left in stock,yes,simple,https://lavishta.com/product/skin1004-niacinamide-10-boosting-shot-ampoule-30ml/,2026-10-06T13:53:06Z
435231,L04977,Saie –  Glowy Super Gel Multipurpose Illuminator Mini,Saie,Face,3250,4200,3250,yes,3,Only 3 left in stock,yes,variable,https://lavishta.com/product/saie-glowy-super-gel-multipurpose-illuminator-mini-roseglow/,2026-10-06T13:53:06Z
437632,L01996,Sephora –  4 Piece Facial Razor Set,Sephora,Accessories,2340,2460,2340,yes,3,Only 3 left in stock,yes,simple,https://lavishta.com/product/sephora-4-piece-facial-razor-set/,2026-10-06T13:53:06Z
367410,L04756,Sephora –  Lip Sleeping Mask Duo set (Holiday Limited Edition),Sephora,Lip Care,2550,2550,2550,no,3,Only 3 left in stock,yes,variable,https://lavishta.com/product/sephora-lip-sleeping-mask-dou-set-holiday-limited-edition/,2026-10-06T13:53:06Z
20708,L02030,Seraphine Botanicals –  Happy Hibiscus Palette,Seraphine Botanicals,Face,1950,8890,1950,yes,3,Only 3 left in stock,yes,simple,https://lavishta.com/product/seraphine-botanicals-happy-hibiscus-palette/,2026-10-06T13:53:06Z
83915,L03449,Simple –  Booster Serum 10% Niacinamide (Vitamin B3) – 30ml,Simple,Face Serum,1250,1570,1250,yes,3,Only 3 left in stock,yes,simple,https://lavishta.com/product/simple-booster-serum-10-niacinamide-vitamin-b3-30ml/,2026-10-06T13:53:06Z
451322,L05035,Sol De Janeiro –  Cheirosa 40 Jelly Perfume Balm – 4g,Sol De Janeiro,Accessories,5280,5980,5280,yes,3,Only 3 left in stock,yes,simple,https://lavishta.com/product/sol-de-janeiro-cheirosa-40-jelly-perfume-balm-4g/,2026-10-06T13:53:06Z
451066,L05029,Sol De Janeiro –  Cheirosa 62 Jelly Perfume Balm – 4g,Sol De Janeiro,Accessories,5280,5980,5280,yes,3,Only 3 left in stock,yes,simple,https://lavishta.com/product/sol-de-janeiro-cheirosa-62-jelly-perfume-balm/,2026-10-06T13:53:06Z
451321,L05034,Sol De Janeiro –  Cheirosa 68 Jelly Perfume Balm – 4g,Sol De Janeiro,Accessories,5280,5980,5280,yes,3,Only 3 left in stock,yes,simple,https://lavishta.com/product/sol-de-janeiro-cheirosa-68-jelly-perfume-balm-4g/,2026-10-06T13:53:06Z
453626,L05058,Sol De Janeiro –  Hair & Body Fragrance Mist 90ml – Cheirosa ’40,Sol De Janeiro,Accessories,4680,4810,4680,yes,3,Only 3 left in stock,yes,simple,https://lavishta.com/product/sol-de-janeiro-hair-body-fragrance-mist-90ml-cheirosa-40/,2026-10-06T13:53:06Z
56356,L02760,Tocobo –  Bio Watery Sun Cream Spf50+ Pa+++ – 50ml,Tocobo,K-Beauty,1490,1870,1490,yes,3,Only 3 left in stock,yes,simple,https://lavishta.com/product/tocobo-bio-watery-sun-cream-spf50-pa-50ml/,2026-10-06T13:53:06Z
